馬名,性別,年齢,父,馬体重,落札時賞金,病歴,繁殖,オークション日,予想価格(最小),予想価格(最大),予想価格レンジ,査定ポイント
ウェルックス ３歳,牡,3,レイデオロ,460,0,"本馬について
父レイデオロはデビューから3連勝でホープフルSを勝ち、重賞初制覇。3歳初戦の皐月賞こそ5着に敗れましたが、続く日本ダービーではルメール騎手の巧みなリードも光り、直線早め先頭で押し切って初のビッグタイトルを掴みます。秋の神戸新聞杯快勝後はジャパンC2着など3戦して好走どまりでしたが、4歳秋にオールカマー、天皇賞・秋と連勝でG1・2勝目を飾りました。5歳いっぱいで引退、種牡馬入りし、産駒のデビューは2023年。マテンロウゴールドが7月の中京芝2000mで産駒のJRA初勝利を挙げると、その後も芝のマイル～中距離を中心に続々と勝ち上がり、サンライズアースは阪神大賞典、トロヴァトーレはダービー卿CTと東京新聞杯、菊花賞3着のアドマイヤテラは目黒記念を制覇と古馬になって飛躍を遂げました。セカンドクロップからもエキサイトバイオ（ラジオNIKKEI賞、菊花賞3着）、カラマティアノス（中山金杯）、ウォーターガーベラ（チューリップ賞2着）といった芝重賞活躍馬が出ている一方で、ムルソー（シトリンS、イサ殿下御来場記念）のようなダートのOP特別勝ち馬も出ており、幅広い適性を示しているのは頼もしい限り。緩やかに成長を遂げていった父からも今後さらなる活躍馬が出てくることでしょう。

母系を見ますと、母のハーフバックはオーロCなど芝1400ｍで5勝を挙げた活躍馬。祖母キトゥンブルーの全兄にあたるフェイトトリックスも中央で6勝を挙げたオープン馬です。曾祖母キトゥントリックスの半弟King Cugatは米重賞4勝、米G1・2着5回の好成績を残して種牡馬入り。一族にはストロングガルーダ（ラジオNIKKEI賞）やノットフォーマル（フェアリーS）など日米の重賞ウイナーがズラリと並んでおり、Seeking the Goldの母としてもお馴染みのCon Gameに遡る名門ファミリーの出身となります。

本馬は2026年2月10日の東京ダート1600ｍの新馬戦でデビューしました。スタート後に芝からダートへ入る際にバランスを崩し、行き脚がつかないまま最後方からの追走となりました。道中は気合をつけられながら馬群から離されて追走していましたが、直線ではしっかりと脚を使い、上がり2位の脚で伸びて10着でゴールしています。
2戦目は3月15日の中山ダート1800ｍの未勝利戦に出走しました。スタートは五分に出て馬群中団で流れに乗りましたが、道中で砂を被る形となり、向正面では徐々にポジションを下げて馬群から離される展開となりました。道中からムチが入る場面も見られて、直線では大きく伸びることができず、13着でレースを終えています。

現状は成長途上の段階であり、走り切れない事が課題です。環境を変えながら時間をかけて良化を待ち、成長に期待します。

記載内容を十分に熟読、ご理解いただき、現状有姿、現状渡しのノークレーム、ノーリターンでお願いいたします。落札後の記載事項に関するキャンセル、落札から一週間以上経過後のキャンセルおよび価格交渉には一切応じられません。また、現状に不安がある方は現在厩場所で獣医検査を受けるなど、必ず事前に状態把握およびご納得をいただいたうえでのご入札を重ねてお願いいたします。


※南関東4競馬場への転入はできません。

※松風馬事センター（茨城県稲敷郡美浦村受領）に在厩しており、預託料は11,000円/日（税込）です。
3月21日（土）より落札者様の預託料負担となります。


販売申込者：草間 庸文（インボイス登録あり）
【入札時の注意事項】（必ずご確認ください）
※サラブレッドオークションでの落札馬は、原則として5日以内に在厩場所より引き渡しをさせていただきます。引き続き、飼養管理継続をご希望される場合は
オークション事務局までお問い合わせ下さい。",,2026-03-19,320000.0,1280000.0,32万円 〜 128万円,3歳基準(80万) / 未勝利・低賞金馬の下振れリスク許容
エールオンマインド ３歳,牡,3,マインドユアビスケッツ,444,0,"本馬について
父のマインドユアビスケッツはデピュティミニスター系のポッセ産駒で、3歳時に米G1マリブSを制し、古馬になってからはドバイゴールデンシャヒーンを連覇。2019年から本邦で種牡馬入りし、エーデルワイス賞勝ちのマルカラピッドや全日本2歳優駿馬デルマソトガケなどの活躍で2022年のファーストシーズンサイアーチャンピオンを獲得。なおデルマソトガケはその後UAEダービーを制覇しBCクラシックでは2着に入りました。またホウオウビスケットが函館記念に勝ち天皇賞（秋）で3着、マピュースは中京記念に勝利。地方競馬では金沢のノブノビスケッツがMRO金杯など重賞を3勝しています。

いっぽうの母系ですが、母のエールオンレールは1勝。2代母のアンナヴァンが1勝。伯父のサトノネプチューンとアナザーバージョン、叔父のミユキアイラブユーが各3勝、グリッサードは1勝。2代母の半妹アンブロワーズは函館2歳に勝ち、阪神JFでは2着。同馬の仔に新潟大賞典3着のロシュフォール、孫には桜花賞2着のコナコースト、札幌2歳Sを制しNHKマイルCで2着のマジックサンズがいます。遡ると4代母のバレークイーンからはダービー馬フサイチコンコルド、皐月賞馬のアンライバルドとヴィクトリー、阪神大賞典など重賞を3勝しGⅠで3度の2着があるリンカーンなどが輩出されています。

本馬は2026年1月4日の中山ダート1200m新馬戦でデビュー。馬体重は438キロでした。ゲートの出はまずまずでしたが、その後のダッシュが弱く中団からのレースとなりました。直線で一杯となってしまい勝ち馬から4秒3離された殿15着敗退。タイムオーバーによる出走制限を課せられています。
2戦目は3月15日の中山ダート1200m戦で、発馬で後手となり離された最後方からの追走となりました。そのまま前との差は詰まらず、殿16着での入線。1着との着差は6秒5で、2度目となるタイムオーバーによる出走制限を課せられています。
普段から気難しい面があり、競馬に集中できていません。常に周囲を気にしている感もあります。去勢も検討しましたが時間的に間に合わず、また2戦連続でのタイムオーバーによる出走制限を課せられたこともあり、今回のオークション出品となりました。
地方でリスタートして、レースを使いつつ徐々に良化していってくれればと考えています。
なお本馬は右前管骨内、外に骨瘤があり内側は古いもので固まっています。外側は最近のもので、触診では気にするものの歩様は問題ありません。なお見舞金の対象ではありません。

以上、記事内容を十分に熟読、ご理解いただき、現状有姿、現状渡しのノークレーム、ノーリターンでお願いいたします。


※JRAの最終出走において「タイムオーバーによる出走制限(2026年5月15日まで平地競走に出走できない)」を受けています。(2回目)
　　　2026年3月15日（日）　2回中山6日　3R　3歳未勝利　　ダ1200m（良）
　　　結果16着　　タイム1:19.3（1着馬からのタイム差6.5秒、5着馬からのタイム差5.6秒）
転入先の競馬場によって、能力検査・再調教試験を課されますので、必ず各主催者にお問い合わせの上、ご確認ください。

※南関東4競馬場への転入はできません。

※須藤ステーブル（茨城県稲敷市松山）に在厩しており、預託料は8,800円/日（税込）です。
3月21日（土）より落札者様の預託料負担となります。


販売申込者：小濱 正智（インボイス登録あり）
【入札時の注意事項】（必ずご確認ください）
※サラブレッドオークションでの落札馬は、原則として5日以内に在厩場所より引き渡しをさせていただきます。引き続き、飼養管理継続をご希望される場合は
オークション事務局までお問い合わせ下さい。 ['骨瘤']",,2026-03-19,288000.0,1152000.0,28万円 〜 115万円,検出疾病: 骨瘤 / 3歳基準(80万) / 軽量牡/セ(-5%) / 若駒将来性による疾病リスク半減 / 未勝利・低賞金馬の下振れリスク許容
コスモローマ ３歳,牡,3,カリフォルニアクローム,460,0,"本馬について
父のカリフォルニアクロームはエーピーインディ系のラッキープルピット産駒で、ケンタッキーダービー、プリークネスS、ドバイワールドCなどG1を7勝。2017年からスタッドインし、智G1ドスミルギニーズ勝ちのクロミウム、UAEのG1アルマクトゥームチャレンジを制覇したカビールカーンなどを輩出。2020年からは本邦で繋養されておりワイドラトゥールが愛知杯に勝ちスワンSでも2着、ララマセラシオンは阪急杯で2着。地方競馬ではイイデマイヒメが門別のサッポロクラシックCを制するなど産駒が各地で活躍。また本邦産のコモレビノオモイデは米G3スティーヴセクストンマイルSに勝利しました。

いっぽうの母系ですが、母のヒロシゲサファイアは未勝利。2代母のアルズギャルは米G1のEPテイラーSに勝ちビヴァリーディＳでは2着。遡ると3代母のDans La Villeの仔に伯G2マルシアーヌＡモレイラ大賞を制したMay Be Now、米G3アーリントンワシントンラッシーＳ3着のAnn of the Dance、孫には亜グランクリテリウムとCEジュヴェナイルで亜G1を2勝し、さらに米G1キーンランドターフマイルS を制覇のIvar、米G1アメリカンオークス２着School Danceがいます。また3代母の全姉Santonaはチリオークス馬で、一族にはミルギニーズなどチリのG1を4勝のIsola Piu Bellaもいます。

本馬は2025年12月20日の阪神ダート1800m新馬戦でデビュー。馬体重は462キロでした。スタートから押して行って5番手につけましたが、向こう正面から手応えが怪しくなり下がってしまいました。最後は離れた後方を進んでいた馬にも交わされてしまい、16頭立ての殿16着。1着馬からは13秒9差であり、レース後にタイムオーバーによる出走制限を課せられました。
今年は3月14日の阪神芝1800m戦から始動。スタートダッシュがつかず離された最後方からの追走となりました。直線でも前との差は詰まらず、勝ち馬から4秒3離された殿17着敗退。2走連続でタイムオーバーによる出走制限を課せられています。
競馬に行くと気難しい面が出て走れていない現状で、2走連続でタイムオーバーの制裁を科せられました。去勢も検討しましたが、時間がかかることからこのたびのオークションへ出品いたしました。
地方でリスタートして、徐々に変わっていってもらいたいところです。

以上、記事内容を十分に熟読、ご理解いただき、現状有姿、現状渡しのノークレーム、ノーリターンでお願いいたします。


※JRAの最終出走において「タイムオーバーによる出走制限(2026年5月14日まで平地競走に出走できない)」を受けています。(2回目)
　　　2026年3月14日（土）　1回阪神7日　5R　3歳未勝利　　芝1800m（良）
　　　結果17着　　タイム1:50.1（1着馬からのタイム差4.3秒、5着馬からのタイム差3.7秒）
転入先の競馬場によって、能力検査・再調教試験を課されますので、必ず各主催者にお問い合わせの上、ご確認ください。

※南関東4競馬場への転入はできません。

※島上牧場（滋賀県栗東市荒張）に在厩しており、預託料は10,450円/日（税込）です。
3月21日（土）より落札者様の預託料負担となります。


販売申込者：(株) コスモ・コスモ（インボイス登録あり）
【入札時の注意事項】（必ずご確認ください）
※サラブレッドオークションでの落札馬は、原則として5日以内に在厩場所より引き渡しをさせていただきます。引き続き、飼養管理継続をご希望される場合は
オークション事務局までお問い合わせ下さい。",,2026-03-19,320000.0,1280000.0,32万円 〜 128万円,3歳基準(80万) / 未勝利・低賞金馬の下振れリスク許容
サートゥリア ３歳,牡,3,サートゥルナーリア,478,0,"本馬について
父のサートゥルナーリアはロードカナロアの仔で、デビューから4連勝でホープフルSと皐月賞に優勝。ほかに神戸新聞杯と金鯱賞を勝利し、有馬記念では2着に入っています。2021年からスタッドインしており、2024年のJRAファーストシーズンサイアーチャンピオンに輝きました。初年度産駒のファンダムが毎日杯に勝ち、ショウヘイは京都新聞杯とAJCCを制しダービーで3着。2年目産駒ではカヴァレリッツォが朝日杯FSを制覇し、フェスティバルヒルはファンタジーS、ジャスティンビスタは京都2歳Sに勝利。さらにディ

いっぽうの母系ですが、母のボナマティーナは未勝利。半兄のシンゼンアツタは笠松と金沢で各1勝。伯父のマイネルモルゲンが京成杯AHを連覇するなど重賞を3勝しNHKマイルCで2着、シンメイレグルスはJRA4勝後に船橋で2勝、伯母のテイエムジョウネツが3勝するなど母のきょうだいは7頭がJRAで勝利。遡ると3代母のイースタンドーンは米G3オマール賞の勝ち馬で、同馬の仔ヒーローズトリビュートは米G2ガルフストリームパークHなど重賞2勝をあげG1ドンHで2着、孫のナリタキングオーは京都新聞杯など重賞3勝。さらに4代母からは仏2000ギニー馬ヴェットーリが出ています。

本馬は2025年のJRAブリーズアップセールで770万円にて取引されています。
同年12月6日の阪神芝2000ｍ新馬戦でデビュー。馬体重は468キロでした。出走10頭中でいちばんのゲートの出でしたが、その後は3番手でレースを進めます。もっとも勝負処から手応えが怪しくなり、勝ち馬から3秒6離された殿10着に敗れています。
今年は3月15日の中京ダート1800m戦から始動。まずまずのスタートから4番手を追走しますが、向正面で位置取りを悪くしてしまい3コーナーでは最後方まで下がります。そのまま馬群と差がつき、1着から9秒1差の殿13着敗退。レース後にタイムオーバーによる出走制限を課せられました。
成長途上で体力不足が否めない現状です。前走でタイムオーバーとなったこともあり、地方でレースを使いつつ徐々に力をつけていくほうがこの馬にとっていいとの考えからこのたびのオークションへ出品いたしました。
ゲートの出はいいだけに、地方でその特性をうまく活かして欲しいところです。
なお前走で左後肢蹄冠部に外傷を負いましたが、歩様は問題ないです。
また元々左前球節の形が良くないですが、問題なく使ってきました。
本馬はさく癖があります。

以上、記事内容を十分に熟読、ご理解いただき、現状有姿、現状渡しのノークレーム、ノーリターンでお願いいたします。


※JRAでの最終出走において「タイムオーバーによる出走制限（2026年4月15日まで平地競走に出走できない）」を受けています。
　　　2026年3月15日（日）　1回中京2日　2R　3歳未勝利　　ダ1800m（良）
　　　結果13着　　タイム2:03.2（1着馬からのタイム差9.1秒、5着馬からのタイム差7.7秒）
転入先の競馬場によって、能力検査・再調教試験を課されますので、必ず各主催者にお問い合わせの上、ご確認ください。

※南関東4競馬場への転入はできません。

※ライジングリハビリ（滋賀県栗東市東坂）に在厩しており、預託料は11,000円/日（税込）です。
3月21日（土）より落札者様の預託料負担となります。


販売申込者：NHレーシング（インボイス登録あり）
【入札時の注意事項】（必ずご確認ください）
※サラブレッドオークションでの落札馬は、原則として5日以内に在厩場所より引き渡しをさせていただきます。引き続き、飼養管理継続をご希望される場合は
オークション事務局までお問い合わせ下さい。 ['さく癖']",,2026-03-19,304000.0,1216000.0,30万円 〜 121万円,検出疾病: さく癖 / 3歳基準(80万) / 若駒将来性による疾病リスク半減 / 未勝利・低賞金馬の下振れリスク許容
テーオーユリウス ３歳,牡,3,コパノリッキー,456,0,"本馬について
父のコパノリッキーはゴールドアリュールの直仔で、フェブラリーS連覇や東京大賞典などダートGⅠ競走を11勝。2018年から種牡馬入りしファーストリッキーが高知・金の鞍賞を制すなど2021年のNAR２歳新種牡馬チャンピオンに輝きました。その後もエコロクラージュが園田の楠賞や兵庫ゴールドCを制覇し交流重賞のサマーチャンピオンで3着、セブンカラーズは東海ダービーに優勝するなど重賞7勝。またアームズレインが根岸Sで2着、コパノヴィンセントは兵庫ジュニアグランプリで２着、高知のシンメデージーが名古屋グランプリで2着、コパノエミリアは関東オークスで2着に入っています。

いっぽうの母系ですが、母のアムールリンクスは未勝利。伯父のコパノリチャードは高松宮記念、スワンS、阪急杯、アーリントンCに優勝、サイモンロードはJRAで1勝後に東海菊花賞連覇など名古屋の重賞を7勝し交流重賞のかきつばた記念で3着、伯母のコパノオーシャンズが4勝するなど母のきょうだいは6頭がJRAで勝利。遡ると3代母のアルガリーの孫に京阪杯など重賞で4度の2着があるコパノフウジン、園田の兵庫ダービーと菊水賞を勝ったユキノアラシ。5代母のシンティレートは英オークス馬で、同馬の仔アルシンファラーは独G2ツークンフツレネンと豪G3エスコートCを制しています。

本馬は2026年1月10日の京都ダート1800m新馬戦でデビュー。馬体重は456キロでした。ゲートの出が悪く、最後方の位置取りとなります。勝負処から追われますが前との差はなかなか詰まらず殿16着敗退。勝ち馬との着差は5秒0であり、レース後にタイムオーバーによる出走制限を課せられました。
その後は放牧で調整され3月6日に栗東トレセンへ帰厩しました。続戦へ向けて調教を進めますが、3月10日になって跛行を発症。レントゲン検査の結果、左前の爪の内部裂蹄が原因と判明。爪が伸びるまで時間が掛かるため、頭数整理の都合もありこのたびのオークションへ出品いたしました。
お時間を頂きますが、現状をご理解の上で入札をお願いいたします。

以上、記事内容を十分に熟読、ご理解いただき、現状有姿、現状渡しのノークレーム、ノーリターンでお願いいたします。


※JRAでの最終出走において「タイムオーバーによる出走制限（2026年2月10日まで平地競走に出走できない）」を受けています。
　　　2026年1月10日（土）　1回京都3日　3R　3歳新馬　　ダ1400m（良）
　　　結果16着　　タイム1:30.2	（1着馬からのタイム差5.0秒、5着馬からのタイム差3.8秒）
転入先の競馬場によって、能力検査・再調教試験を課されますので、必ず各主催者にお問い合わせの上、ご確認ください。

※現在、左前4/3鉄を使用しています。

※南関東4競馬場への転入はできません。

※島上牧場（滋賀県栗東市荒張）に在厩しており、預託料は10,450円/日（税込）です。
3月21日（土）より落札者様の預託料負担となります。


販売申込者：小笹 公也
【入札時の注意事項】（必ずご確認ください）
※サラブレッドオークションでの落札馬は、原則として5日以内に在厩場所より引き渡しをさせていただきます。引き続き、飼養管理継続をご希望される場合は
オークション事務局までお問い合わせ下さい。 ['裂蹄', ' 跛行']",,2026-03-19,288000.0,1152000.0,28万円 〜 115万円,"検出疾病: 跛行, 裂蹄 / 3歳基準(80万) / 若駒将来性による疾病リスク半減 / 未勝利・低賞金馬の下振れリスク許容"
ナムラキングダム ３歳,牡,3,アニマルキングダム,530,0,"本馬について
父のアニマルキングダムはブラッシンググルーム系のルロワデザニモー産駒で、ケンタッキーダービーとドバイワールドCに優勝。2014年から種牡馬入りしエンジェルオブトゥルースがオーストラリアンダービーを勝ち、デュオポリーはアメリカンオークスに制覇しました。またオレクサンドラが米ジャイプールSに制し、リーガルグローリーは米メイトリアーク連覇などG1を4勝。2020年からは本邦で繋養され、タガノアビーがオークスで3着、ヒルノドゴールはオープン入りを果たしました。地方競馬ではプリフロオールインが高知三冠を達成し、ミヤギシリウスは水沢のウイナーCとあやめ賞に勝利しています。

いっぽうの母系ですが、母のナムラストロベリーは1勝。半姉のナムラローズマリーが3勝、ナムラモモは1勝。叔父のナムラカメタローは交流重賞の佐賀記念に勝ち名古屋大賞典で3着、ほかに母のきょうだいは3頭が地方競馬で勝利。遡ると3代母のニフティニースは関屋記念とセントウルSを制覇。同馬の仔にJRAで5勝のウイングロリア、孫には新潟大賞典、エプソムC、オールカマーを制したシンゲン、目黒記念3着のヤングアットハートがいます。さらい4代母ニフテイアンドニートからは七夕賞を勝ったニフティダンサー、京都金杯2着のオースミナインなどが輩出されています。

本馬はデビュー前に2025年1月に左後肢球節を骨折。また同年4月には右後肢球節を骨折し、いずれも骨片除去手術を実施しています。
2026年2月15日の京都ダート1200m新馬戦でデビューし9着。馬体重は516キロでした。ゲートの出はまずまずでしたが、その後のダッシュが弱く馬群から離された後方2頭目でのレースとなります。直線で前の1頭を交わしますが、勝ち馬から2秒8離されての入線でした。
翌週の阪神ダート1400m戦は右前肢跛行のため出走取消。3月14日の阪神ダート1400m戦に出走、中団やや後ろ寄りを追走しますが直線で伸びなく16頭立ての15着。1着との着差は2秒8でした。
大型馬で仕上がり途上な現状です。良化には時間が掛かることから、JRAでの続戦を諦めこのたびのオークションへ出品いたしました。
地方の環境で、レースを使いつつ徐々に変わり身を待ちたいところです。

以上、記事内容を十分に熟読、ご理解いただき、現状有姿、現状渡しのノークレーム、ノーリターンでお願いいたします。


※2026年2月21日の競走にて、右前肢跛行のため出走取消となっています。

※南関東4競馬場への転入はできません。

※島上牧場（滋賀県栗東市荒張）に在厩しており、預託料は10,450円/日（税込）です。
3月21日（土）より落札者様の預託料負担となります。


販売申込者：奈村 睦弘（インボイス登録あり）
【入札時の注意事項】（必ずご確認ください）
※サラブレッドオークションでの落札馬は、原則として5日以内に在厩場所より引き渡しをさせていただきます。引き続き、飼養管理継続をご希望される場合は
オークション事務局までお問い合わせ下さい。 ['跛行', ' 骨折', ' 骨片']",,2026-03-19,288000.0,1152000.0,28万円 〜 115万円,"検出疾病: 骨折, 骨片, 跛行 / 3歳基準(80万) / 大型馬(+5%) / 若駒将来性による疾病リスク半減 / 未勝利・低賞金馬の下振れリスク許容"
ノーブルアスール ３歳,牡,3,フィエールマン,472,0,"本馬について
父のフィエールマンはディープインパクト産駒で、菊花賞に勝ち天皇賞（春）を連覇しています。また5歳秋の天皇賞では出走メンバー最速の上がり3ハロン32秒7をマークしてアーモンドアイに半馬身差まで迫り2着、有馬記念でも3着に入るなどして2021年からスタッドインしました。産駒はフォルテアンジェロがホープフルSで2着、インパクトシーはラジオNIKKEI賞で3着、ソラネルマンは京成杯で3着に入っています。またダノンセンチュリーは6戦4勝で3勝クラスを卒業してオープン入りを果たし、またフォルテムは3勝クラスに在籍中です。

いっぽうの母系ですが、母のサングレアズールは京都牝馬Sの3着馬。半姉のスビールアスールが4勝、オルティラアスールはJRA1勝後に園田で4勝、サルーバアスールは大井で1勝後に園田で2勝。伯母のリメインフォレストが4勝、リメインキサスは1勝、本馬の従兄弟ルチャドルアスールは笠まで2勝後にJRAで4勝、従姉妹のエスピナアスールとプリメラアスールが4勝。遡ると4代母のイグノーアの孫に米G1トリプルベンドＨの勝ち馬で種牡馬として活躍のパイロ。5代母のモーゲスからはチリのG1クルブイピコデサンティアゴ大賞など重賞6勝のBallisticが出ています。

本馬は2025年12月14日の中山芝1600m新馬戦でデビュー。馬体重は474キロでした。中団のやや後ろ寄りからレースを進めますが、向正面で位置取りを悪くして3コーナーでは最後方まで下がります。その後も前との差は広がり、勝ち馬から10秒9と大きく離された殿16着に敗退。レース後にタイムオーバーによる出走制限を課せられました。
今年は2月28日の中山ダート1200m戦から始動。ゲートの出は悪くなかったもののダッシュが弱く最後方からの追走となり、そのまま殿16着に敗退。1着馬との着差は5秒6であり、2走連続でのタイムオーバーによる出走制限を課せられました。
ワンペースな走りでスピード不足が否めません。2走連続でタイムオーバーとなったことから、JRAでの続戦を諦めこのたびのオークションへ出品いたしました。
地方でリスタートして、レースを使いつつ徐々に力をつけていってもらいたいところです。

以上、記事内容を十分に熟読、ご理解いただき、現状有姿、現状渡しのノークレーム、ノーリターンでお願いいたします。


※JRAの最終出走において「タイムオーバーによる出走制限(2026年4月30日まで平地競走に出走できない)」を受けています。(2回目)
　　　2026年2月28日（土）　2回中山1日　3R　3歳未勝利　　ダ1200m（重）
　　　結果16着　　タイム1:16.5（1着馬からのタイム差5.6秒、5着馬からのタイム差4.5秒）
転入先の競馬場によって、能力検査・再調教試験を課されますので、必ず各主催者にお問い合わせの上、ご確認ください。

※南関東4競馬場への転入はできません。

※株式会社ストローファーム（茨城県稲敷郡阿見町大字上長）に在厩しており、預託料は10,230円/日（税込）です。
3月21日（土）より落札者様の預託料負担となります。


販売申込者：(株) アスール（インボイス登録あり）
【入札時の注意事項】（必ずご確認ください）
※サラブレッドオークションでの落札馬は、原則として5日以内に在厩場所より引き渡しをさせていただきます。引き続き、飼養管理継続をご希望される場合は
オークション事務局までお問い合わせ下さい。",,2026-03-19,320000.0,1280000.0,32万円 〜 128万円,3歳基準(80万) / 未勝利・低賞金馬の下振れリスク許容
ピエナビバサンバ ３歳,牡,3,タワーオブロンドン,492,0,"本馬について
父のタワーオブロンドンはレイヴンズパスの産駒で、2019年のスプリンターズS優勝馬。ほかにセントウルS、京王杯スプリングC、京王杯2歳S、アーリントンCを制し、朝日杯FSでも3着に入りました。2021年からスタッドインしており、初年度産駒のパンジャタワーがNHKマイルC、京王杯2歳S、キーンランドCと重賞3勝。ほかにレイピアがシルクロードSとオーシャンSで2着、アーリントンロウは小倉2歳Sで3着。現3歳世代ではウチュウノセカイがオープンのカンナSに勝利。また地方競馬では岩手のサンカリプソが重賞のサファイア賞に勝ち、スノーミックスは留守杯日高賞で3着に入っています。

いっぽうの母系ですが、母のトーワクリステルは岩手で3勝。半姉グッバイウェーブが1勝、半兄スカイハリケーンは船橋で3勝後に盛岡で1勝をマーク。2代母のトーワトレジャーは新潟記念の勝ち馬で秋華賞、ローズ、函館記念で3着。遡ると5代母のボールドイグザンプルの仔に米G2デルマーオークス勝ちのフレンチチャーマー、孫には仏1000ギニーなど英仏でG1を3勝のカルチャーヴァルチャー、アメリカンダービーなど米G1を2勝のオウインスパイアリング、ジャックルマロワ賞など仏G1を2勝のポーリッシュプレセデント、クイーンエリザベス二世Sなど英G1を2勝のジルザルがいます。

本馬は2024年の北海道セレクションセールで1760万円にて取引されています。
2025年9月6日の阪神ダート1400m新馬戦でデビューし11着。馬体重は504キロでした。スタートダッシュがつかず最後方からの追走となり、道中は馬群から離されます。直線でバテた2頭を交わしたものの勝ち馬から6秒5離されてのフィニッシュで、レース後にタイムオーバーによる出走制限を課せられています。
11月9日の京都ダート1400m戦では後方追走から殿16着敗退。中2週の京都ダート1200mでも1着から2秒6差の13着。そして12月21日の阪神ダート1200m戦では後方から直線で差を詰めたものの1秒8差の10着に敗れています。
今年は1月17日の京都ダート1200m戦から始動。ダッシュが弱く後方からのレースとなりましたが、出走メンバー中第3位タイの上がり3ハロンをマークして1着馬から1秒3差の11着でした。
そして3月15日の阪神ダート1200m戦ではダッシュが改善して中団からのレースとなりますが、直線で追われてから伸びがなく16頭立ての15着。1着との着差は2秒8でした。
馬体は良く見せるタイプですが、ここまで6戦に出走も仕上がり途上でスピード不足が否めない現状です。良化には時間が掛かりそうなことから、このたびのオークションへ出品いたしました。
地方でレースを使いつつ、徐々に良くなってくれればと考えています。

以上、記事内容を十分に熟読、ご理解いただき、現状有姿、現状渡しのノークレーム、ノーリターンでお願いいたします。


※南関東4競馬場への転入はできません。

※島上牧場（滋賀県栗東市荒張）に在厩しており、預託料は10,450円/日（税込）です。
3月21日（土）より落札者様の預託料負担となります。


販売申込者：本谷 兼三
【入札時の注意事項】（必ずご確認ください）
※サラブレッドオークションでの落札馬は、原則として5日以内に在厩場所より引き渡しをさせていただきます。引き続き、飼養管理継続をご希望される場合は
オークション事務局までお問い合わせ下さい。",,2026-03-19,320000.0,1280000.0,32万円 〜 128万円,3歳基準(80万) / 未勝利・低賞金馬の下振れリスク許容
マスカットオマーン ３歳,牝,3,モーリス,416,0,"本馬について
父モーリスは豊かなスピードを武器に国内外でG1通算6勝を挙げました。京都芝1400mの2歳コースレコード（当時）で新馬勝ちし、4歳時に本格化。若潮賞、スピカS、ダービー卿CTと3連勝で重賞初制覇を飾り、続く安田記念も好位から抜け出して初のビッグタイトルを掴みました。秋もマイルCS、香港マイルと制し、5歳初戦のチャンピオンズマイルも2馬身差の完勝。続く安田記念で逃げ粘るロゴタイプを捕らえ切れず2着に敗れ、連勝は「7」でストップしましたが、秋は距離延長に挑んで天皇賞・秋を快勝、そして香港Cを3馬身差で制して有終の美を飾りました。産駒のデビューは2020年。ピクシーナイトによる重賞、G1初制覇を皮切りに、シゲルピンクルビー、ルークズネスト、ジャックドール、ノースブリッジ、ジェラルディーナ、ディヴィーナと重賞馬を多数輩出すると、2世代目からもカフジオクタゴン、ラーグルフ、マテンロウスカイ、アルナシームなど芝・ダートを問わず活躍馬を送り出します。3世代目以降もノッキングポイント、シュトラウス、ダノンマッキンリー、アルテヴェローチェ、アドマイヤズーム、ゾロアストロらが存在感を示している他、海外ではHitotsu（ATCオーストラリアンダービーなど豪G1・3勝）、Mazu（豪G1BRCドゥームベン10,000S）といった重賞ウイナーが出ており、今後も幅広いカテゴリーでの活躍が大いに期待されます。

一方、母系を見ますと、母イチオクノホシはデビュー2連勝で臨んだ阪神JFで4着、古馬になってからも阪神牝馬Sで僅差の2着と力を示しました。半姉イフェイオン（フェアリーS）、半兄ミニトランザット（チャーチルダウンズC3着、京成杯3着）ともに重賞戦線を賑わせており、母の半兄にハーバーコマンド（菊花賞4着）、半妹にコスタボニータ（福島牝馬S）と活況。テストS、フラーテイションSの覇者Princess Roycraftに遡るファミリーで、種牡馬Crafty Prospector（米G1ガルフストリームパークH2着）や、ケイエスミラクル（スワンS、マイルCS3着）らもこの一族です。

本馬は2025年12月20日の阪神芝1600ｍの新馬戦でデビューしました。スタート良く先行し、道中は好位で流れに乗る形となりましたが、直線では伸びず、徐々に後退して14着での入線となりました。
2戦目は2026年2月22日の小倉芝1200ｍの未勝利戦に出走しました。距離短縮で臨みましたが、スタートで挟まれる不利があり後方からの競馬となりました。そのまま道中は後方での追走となり、直線でも大きく差を詰めることはできず14着に終わっています。
3戦目は先週3月15日の阪神ダート1200ｍの未勝利戦に出走しました。スタート後は後方からの運びとなり、道中は追走で一杯でしたが、コーナーでは中団付近までポジションを上げました。しかし、直線では手応えが鈍く、無理をさせずに16着で入線して、今回の出品に至ります。

心身ともに成長途上であり、現時点では体力面で課題が残ります。今後は地方競馬で実戦を重ねながら良化に期待したいです。

記載内容を十分に熟読、ご理解いただき、現状有姿、現状渡しのノークレーム、ノーリターンでお願いいたします。落札後の記載事項に関するキャンセル、落札から一週間以上経過後のキャンセルおよび価格交渉には一切応じられません。また、現状に不安がある方は現在厩場所で獣医検査を受けるなど、必ず事前に状態把握およびご納得をいただいたうえでのご入札を重ねてお願いいたします。


※南関東4競馬場への転入はできません。

※島上牧場（滋賀県栗東市荒張）に在厩しており、預託料は10,450円/日（税込）です。
3月21日（土）より落札者様の預託料負担となります。


販売申込者：谷掛 龍夫（インボイス登録あり）
【入札時の注意事項】（必ずご確認ください）
※サラブレッドオークションでの落札馬は、原則として5日以内に在厩場所より引き渡しをさせていただきます。引き続き、飼養管理継続をご希望される場合は
オークション事務局までお問い合わせ下さい。",,2026-03-19,240000.0,960000.0,24万円 〜 96万円,3歳未勝利・牝/セ基準(60万) / 未勝利・低賞金馬の下振れリスク許容
ルッコラルバチコ ３歳,牝,3,ルーラーシップ,418,0,"本馬について
父ルーラーシップはキングカメハメハの産駒で、香港G1クイーンエリザベス二世Cに優勝。ほかにAJCCなど国内で重賞4勝、宝塚記念2着などの戦績を残し2013年からスタッドインしています。産駒はソウルラッシュがマイルCSとドバイターフを制し香港マイルでも2着、メールドグラースは豪G1のMRCコールフィールドCに勝利するなど日豪で重賞4勝をマーク。さらにキセキが菊花賞を制覇しジャパンCなどG1で4度の2着、ドルチェモアは朝日杯FSに勝ち、ヘデントールは菊花賞で2着し天皇賞・春に勝利するなど、これまでにJRAで21頭の平地重賞ウイナーが輩出されています。

一方、母系を見ますと、母メジロミドウは中央の芝で2勝、祖母メジロサンドラはOPの大阪-ハンブルグCを勝つなど5勝を挙げ、日経新春杯3着と重賞でも好走しました。全姉のミスミルドレッドは芝で3勝を挙げて準オープンでも2着。いとこのカフジオクタゴンはレパードSの勝ち馬です。曾祖母カンバナの半兄には英チャンピオンSを勝ち、英ダービー3着のNorthern Baby。一族からは欧米の重賞勝ち馬が多数出ており、米国で9勝を挙げた4代母Two Ringsが優秀な牝系を構築しています。

本馬は先週3月15日の中京芝1600ｍの未勝利戦でデビューしました。スタートは五分に出ましたが、道中は馬群後方での追走となりました。向正面では徐々に前と離されて、気合をつけられる場面も見られましたが、コーナーでは差が開く形となりました。直線に入っても脚を伸ばすことができず、結局1着から5秒3離された16着（タイムオーバー）で入線しました。

2026年4月15日まで平地競走に出走できないことから今回のオークションに出品する運びとなりました。心身ともに成長途上の段階であり、現時点ではスピード・体力不足が否めません。地方競馬で実戦を重ねながら成長してほしいと思います。

記載内容を十分に熟読、ご理解いただき、現状有姿、現状渡しのノークレーム、ノーリターンでお願いいたします。落札後の記載事項に関するキャンセル、落札から一週間以上経過後のキャンセルおよび価格交渉には一切応じられません。また、現状に不安がある方は現在厩場所で獣医検査を受けるなど、必ず事前に状態把握およびご納得をいただいたうえでのご入札を重ねてお願いいたします。

※JRAでの最終出走において「タイムオーバーによる出走制限（2026年4月15日まで平地競走に出走できない）」を受けています。
　　　2026年3月15日（日）　1回中京2日　3R　3歳未勝利牝　　芝1600m（良）
　　　結果16着　　タイム1:40.2（1着馬からのタイム差5.3秒、5着馬からのタイム差4.8秒）
転入先の競馬場によって、能力検査・再調教試験を課されますので、必ず各主催者にお問い合わせの上、ご確認ください。

※南関東4競馬場への転入はできません。

※松風馬事センター（茨城県稲敷郡美浦村受領）に在厩しており、預託料は11,000円/日（税込）です。
3月21日（土）より落札者様の預託料負担となります。


販売申込者：落合 幸弘（インボイス登録あり）
【入札時の注意事項】（必ずご確認ください）
※サラブレッドオークションでの落札馬は、原則として5日以内に在厩場所より引き渡しをさせていただきます。引き続き、飼養管理継続をご希望される場合は
オークション事務局までお問い合わせ下さい。",,2026-03-19,240000.0,960000.0,24万円 〜 96万円,3歳未勝利・牝/セ基準(60万) / 未勝利・低賞金馬の下振れリスク許容
ロッククライム ３歳,牡,3,ゴールドシップ,440,0,"本馬について
ロッククライムはビッグレッドファームで育成されました。1月にデビューし、3月半ばまで続けて4戦に出走しています。本馬の母はフランスとイギリスで3勝をあげています。祖母のリリックオブライトはイギリスＧ１のフィリーズマイル勝ち馬で、曽祖母のスエズもイギリスＧ１のチェヴァリーパークステークスで２着の実績馬。また、母の兄弟ブライトメロディもイギリスＧ３のクラシックトライアルで３着の実績があります。本馬には公表事項がございます。必要に応じて実馬の確認なども行った上でご検討ください。現況をご理解、ご納得の上でのご購買、ならびにノークレーム、ノーリターンでお願いいたします。


※2023年10月（当歳時）、右頬を打撲した際に骨折(ひび)を確認。保存療法で治癒しています。

※南関東4競馬場への転入はできません。

※株式会社ストローファーム（茨城県稲敷郡阿見町大字上長）に在厩しており、預託料は10,230円/日（税込）です。
3月21日（土）より落札者様の預託料負担となります。


販売申込者：(有) ビッグレッドファーム（インボイス登録あり）
【入札時の注意事項】（必ずご確認ください）
※サラブレッドオークションでの落札馬は、原則として5日以内に在厩場所より引き渡しをさせていただきます。引き続き、飼養管理継続をご希望される場合は
オークション事務局までお問い合わせ下さい。 ['打撲', ' 骨折']",,2026-03-19,256000.0,1024000.0,25万円 〜 102万円,"検出疾病: 骨折, 打撲 / 3歳基準(80万) / 軽量牡/セ(-5%) / 若駒将来性による疾病リスク半減 / 未勝利・低賞金馬の下振れリスク許容"
ロマンズロック ３歳,牡,3,バンブーエール,460,0,"本馬について
父のバンブーエールはアフリートの産駒で、JBCスプリントの優勝馬。ほかに東京盃とカウラスターCに勝利するなど通算10勝、ジャパンダートダービーとダービーグランプリの交流GⅠ2レースで2着に入るなどしています。2012年から種牡馬入りしており、少ない産駒の中から船橋所属のキャッスルトップがジャパンダートダービーを制覇。JRAではダンツゴウユウが吾妻小富士Sと大沼Sでオープンを2勝、地方競馬では大井のダテノショウグンがハイセイコー記念と黒潮盃に勝利。ほかに兵庫のクリノヒビキが園田オータムTと岐阜金賞に勝ち兵庫ダービーと水沢のダービーグランプリで2着に入っています。

いっぽう母系ですが、母のヴィダロマンティカは未出走。伯父のアジアンテーストが3勝、ユードントノーミーライクザットは米1勝、サンスクリットは大井で2勝、伯母のタッチアコードが1勝、叔母のウェイフォンは大井で2勝。遡ると3代母のメイクコンタクトが米G3ブリティッシュコロンビアオークスとバレリーナHで2着。5代母のシルクリリーからは、米G2サンフォードSなど重賞を2勝しG1米シャンペインSで2着のチャペルロイヤル、南アフリカのG3バジルスタークS勝ちのジェニアル、G2のMVRCムーニーヴァリーFクラシックなど豪重賞3勝のジプシーダイアモンドが出ています。

本馬は2025年12月28日の阪神ダート1400m新馬戦でデビュー。馬体重は468キロでした。ゲートの出は良かったものの二の脚がなく中団からのレースとなります。直線で追われてから伸びがなく、勝ち馬から4秒1離された15着敗退でした。
今年は1月17日の京都ダート1200ｍから始動。中団追走も徐々に位置取りを悪くし、直線では殿まで下がってしまい1着から3秒4差の16着に敗れています。
3月7日の阪神ダート1400m戦でもゲート出自体は悪くなかったものの、その後のスピードがなく中団追走となりました。徐々に前との差が広がり、最後は16頭立ての15着での入線。1着馬との着差は4秒4であり、レース後にタイムオーバーによる出走制限を課せられています。
成長途上の現状であり、スピード不足なのが否めません。前走でタイムオーバーとなったこともあり、地方でリスタートすべく今回のオークションへ出品いたしました。
ゲートでは悪くないタイプだけに、地方でレースを使いつつ力をつけていけば変わり身があるかもしれません。

以上、記事内容を十分に熟読、ご理解いただき、現状有姿、現状渡しのノークレーム、ノーリターンでお願いいたします。


※JRAでの最終出走において「タイムオーバーによる出走制限（2026年4月7日まで平地競走に出走できない）」を受けています。
　　　2026年3月7日（土）　1回阪神5日　2R　3歳未勝利　　ダ1400m（稍重）
　　　結果15着　　タイム1:29.2	（1着馬からのタイム差4.4秒、5着馬からのタイム差3.3秒）
転入先の競馬場によって、能力検査・再調教試験を課されますので、必ず各主催者にお問い合わせの上、ご確認ください。

※南関東4競馬場への転入はできません。

※栗東ホース具楽部（滋賀県栗東市荒張）に在厩しており、預託料は9,900円/日（税込）です。
3月21日（土）より落札者様の預託料負担となります。


販売申込者：岡 展宏（インボイス登録あり）
【入札時の注意事項】（必ずご確認ください）
※サラブレッドオークションでの落札馬は、原則として5日以内に在厩場所より引き渡しをさせていただきます。引き続き、飼養管理継続をご希望される場合は
オークション事務局までお問い合わせ下さい。",,2026-03-19,320000.0,1280000.0,32万円 〜 128万円,3歳基準(80万) / 未勝利・低賞金馬の下振れリスク許容
サンットロード ３歳,牡,3,マインドユアビスケッツ,450,0,"本馬について
父マインドユアビスケッツは米国で生産、調教され、3歳7月の米G2アムステルダムSで重賞初制覇。秋にBCスプリントで2着に好走すると、続く米G1マリブSで初のビッグタイトルを手にします。その後も4、5歳時にUAE・G1ドバイゴールデンシャヒーンを連覇するなど、マイル以下でスピードを見せつけて重賞通算6勝を挙げました。5歳で引退後は日本で種牡馬入りし、2022年にデビューした初年度産駒からはデルマソトガケがダート3連勝で全日本2歳優駿を勝ち、G3サウジダービー3着を経てG2UAEダービーを優勝、秋にはBCクラシック2着と国内外で大活躍。他にもマルカラピッドがエーデルワイス賞を優勝、地方競馬でもノブノビスケッツがMRO金賞など金沢重賞3勝を挙げています。芝でもホウオウビスケッツ（函館記念、天皇賞・秋3着）、マピュース（中京記念、クイーンC2着、桜花賞4着）、ショーモン（デイリー杯2歳S、アーリントンCともに3着）といった重賞活躍馬が出ており、距離や馬場を問わず幅広いカテゴリーで活躍しています。

母系に関しては、3代母エリザベスローズがセントウルS勝ちの実績馬。近親にフサイチゼノン（弥生賞）、アグネスゴールド（スプリングS、きさらぎ賞）、リミットレスビッド（東京盃連覇、ガーネットS、根岸S、兵庫ゴールドT連覇、黒船賞、さきたま杯、JBCマイル3着、JBCスプリント3着）がいます。母アフターダークは函館芝1800mで新馬勝ちし、JRA1勝。兄姉4頭のうち、半姉リトルガールブルーが姫路1勝を挙げています。

本馬は、2025年12月27日の阪神ダート1800mで馬体重444㎏でデビュー。若干立ち遅れて11頭立ての中団イン追走となると、直線でジリジリと脚を伸ばし、勝ち馬から2秒5差の5着に入ります。中2週の京都ダート1900mでは若干飛び上がるようなスタートから13頭立ての最後方追走となり、そこから追い上げられず、2秒8差の12着。さらに中6週の前走は今年3月8日の阪神ダート1800mに馬体重450㎏で臨み、まずまずのスタートを切ったものの14頭立ての後方2～3番手追走となり、直線も伸び切れず、1秒5差の10着に終わっています。

現状はスピード不足が否めません。地方の環境に変わり、リスタートに期待しています。

記載内容を十分に熟読、ご理解いただき、現状有姿、現状渡しのノークレーム、ノーリターンでお願いいたします。落札後の記載事項に関するキャンセル、落札から一週間以上経過後のキャンセルおよび価格交渉には一切応じられません。また、現状に不安がある方は現在厩場所で獣医検査を受けるなど、必ず事前に状態把握およびご納得をいただいたうえでのご入札を重ねてお願いいたします。


※南関東4競馬場への転入はできません。

※宇治田原優駿ステーブル（京都府綴喜郡宇治田原町郷之口豊前丈）に在厩しており、預託料は15,950円/日（税込）、及び施設管理、馬体回復費550円/日（税込）で合計16.500円/日（税込）です。
3月21日（土）より落札者様の預託料負担となります。


販売申込者：三田 昌宏（インボイス登録あり）
【入札時の注意事項】（必ずご確認ください）
※サラブレッドオークションでの落札馬は、原則として5日以内に在厩場所より引き渡しをさせていただきます。引き続き、飼養管理継続をご希望される場合は
オークション事務局までお問い合わせ下さい。",,2026-03-19,320000.0,1280000.0,32万円 〜 128万円,3歳基準(80万) / 未勝利・低賞金馬の下振れリスク許容
ムービングアップ ３歳,牡,3,ルヴァンスレーヴ,452,0,"本馬について
父のルヴァンスレーヴはシンボリクリスエスの仔で、デビューから3連勝で全日本2歳優駿を制すると3歳時にはジャパンダートダービー、南部杯、チャンピオンズCに優勝。最優秀ダートホースに選出されるとともにダートグレード競走特別賞馬を受賞しています。2021年からスタッドインしており、初年度産駒のソルジャーフィルドが交流重賞のJBC2歳優駿に勝ち全日本2歳優駿で3着となると3歳時にはホッカイドウ競馬の三冠を達成。2年目産駒のタマモフリージアはJBC2歳優駿を制し全日本2歳優駿で2着でした。またサンヨウテイオウが東海優駿、ゴッドフェンサーは園田ジュニアCに勝利しています。

いっぽうの母系ですが、母のフラワーハートは1勝。半兄のレオフューチャーは兵庫で6勝、半姉のハートフルシーンが金沢で2勝、テイエムネイアは佐賀で2勝、クールシェリーは名古屋で1勝。2代母のフェアリーバニヤンが大井で2勝。叔父にはエルムSと交流重賞の佐賀記念に勝ち韓国のコリアCを連覇のロンドンタウン。またグレートバニヤンが2勝するなど母のきょうだいは5頭がJRAで勝ち鞍をあげています。ほかには2代母の半弟ミヤジエルビスはJRAで5勝をあげオープン入り。遡ると4代母クイーンタッタは米G1トップフライトHの2着馬です。

本馬は2024年の北海道サマーセールで330万円にて取引されています。
2025年7月5日の福島ダート1150m新馬戦でデビューし5着。馬体重は454キロでした。まずまずスタートから好位を追走し3～4コーナーではやや前と差ができますが、4コーナーから盛り返します。もっとも最後は及ばず勝ち馬から0秒8差での入線でした。
8月9日の新潟ダート1200m戦では5番手の外からレースを進めましたが、3～4コーナーから手応えが怪しくなり、1着馬から3秒4離された11着に敗れています。
その後は放牧を挟み出走へ向けてピッチを上げていきましたが、9月24日の調教で右前橈骨遠位端骨折を発症。見舞金10号（調教中6か月）を受給し、骨片除去手術を実施しています。
今年3月４日に帰厩しますが、3月13日の調教後に右後肢を跛行。レントゲン検査では、右脛骨、右飛節、右後管骨、右後球節、右後繋に異常なしで、股関節の奥のほうの筋肉系の痛みかもしれないとの所見でした。
常歩では見せませんが、速歩だと跛行します。復帰まで時間が掛かることから、このたびのオークションへ出品いたしました。
新馬戦5着と力はあるだけに、復帰後は地方のダートでこの馬の良さを見せて欲しいところです。

以上、記載内容を十分に熟読、ご理解いただき、現状有姿、現状渡しのノークレーム、ノーリターンでお願いいたします。

※2025年9月24日の調教で右前橈骨遠位端骨折を発症。事故見舞金10号（調教中又は輸送中の事故により事故発生の日から6ヵ月以上中央競馬の競走に出走できなくなった場合）の適用を受けています。


※南関東4競馬場への転入はできません。

※株式会社ストローファーム（茨城県稲敷郡阿見町大字上長）に在厩しており、預託料は10,230円/日（税込）です。
3月21日（土）より落札者様の預託料負担となります。


販売申込者：佐藤 信之
【入札時の注意事項】（必ずご確認ください）
※サラブレッドオークションでの落札馬は、原則として5日以内に在厩場所より引き渡しをさせていただきます。引き続き、飼養管理継続をご希望される場合は
オークション事務局までお問い合わせ下さい。 ['跛行', ' 骨折', ' 骨片']",,2026-03-19,272000.0,1088000.0,27万円 〜 108万円,"検出疾病: 骨折, 骨片, 跛行 / 3歳基準(80万) / 若駒将来性による疾病リスク半減 / 未勝利・低賞金馬の下振れリスク許容"
ヨッシーリオ ３歳,牡,3,フィエールマン,430,0,"本馬について
父フィエールマンはデビューこそ3歳1月と遅かったものの、間隔をあけながら無傷連勝を飾り、ラジオNIKKEI賞で2着に好走。3カ月半ぶりの実戦で迎えた菊花賞では中団前めから鮮やかに差し切り、レース史上最少キャリア4戦目で戴冠を飾りました。その後も天皇賞・春連覇を果たすなど、中長距離界をリードし、5歳時の有馬記念3着を最後に引退、種牡馬入り。産駒のデビューは2024年で、インパクトシーはラジオNIKKEI賞で3着に好走、ダノンセンチュリーは間隔をあけながらマイルを中心に勝ち星を重ねて4歳2月にOP入りしています。2世代目からもフォルテアンジェロ（ホープフルS2着）、ソラネルマン（京成杯3着）といった重賞活躍馬が登場。ダートで勝ち上がる産駒も出ており、たぐいまれな決め手とスタミナ、成長力を備えていた父を思えば、今後も多くの活躍馬が出てくることでしょう。

母系に関しては、母ヒロシゲカナユリは不出走、初子で現4歳の半姉はJRA1戦未勝利ですが、叔父にエーティーマクフィ（京阪杯）、いとこにピースドライブ（佐賀重賞・花吹雪賞3着）がいます。

本馬は、2025年6月29日の函館芝1200mで馬体重446㎏でデビュー。若干立ち遅れて12頭立ての中団追走となると、直線でメンバー2位タイの上がりを使い、0秒7差の5着に入ります。中2週の同舞台では16頭立ての後方3番手から伸び切れず、1秒5差の12着に敗れますが、距離を延ばした中2週の札幌芝1500mでは、12頭立ての4番手から向こう正面で6番手、3～4コーナーで9番手まで後退しながらも、直線で脚を伸ばして0秒5差の6着に善戦。3カ月半あけて、さらに距離を延ばした12月の中京芝2000mでは14頭立ての中団から伸び切れず1秒4差の9着に敗れますが、中1週の阪神芝2000mでは16頭立ての3番手からジリジリと伸び、0秒7差の4着に入ります。着実に内容は良化してきましたが、以降は3戦して9着2回が最高。前走は先週3月15日の中京芝2200mに馬体重430㎏で臨み、15頭立ての後方から伸びを欠いて2秒4差の11着に終わっています。

前走は距離が長かった印象です。3走成績（中央の近3走が9、9、11着と全て9着以下で2カ月の出走制限）により、このタイミングでオークション出品となります。地方へ環境を移し、リスタートに期待しています。

以下の公表事項をご確認ください。
・身食いがあり、馬服は使っていません。
・馬房の壁を蹴るので注意してください。

記載内容を十分に熟読、ご理解いただき、現状有姿、現状渡しのノークレーム、ノーリターンでお願いいたします。落札後の記載事項に関するキャンセル、落札から一週間以上経過後のキャンセルおよび価格交渉には一切応じられません。また、現状に不安がある方は現在厩場所で獣医検査を受けるなど、必ず事前に状態把握およびご納得をいただいたうえでのご入札を重ねてお願いいたします。


※南関東4競馬場への転入が可能です。

※信楽牧場（滋賀県甲賀市信楽町神山）に在厩しており、預託料は12,650円/日（税込）です。
3月21日（土）より落札者様の預託料負担となります。


販売申込者：吉岡 隆
【入札時の注意事項】（必ずご確認ください）
※サラブレッドオークションでの落札馬は、原則として5日以内に在厩場所より引き渡しをさせていただきます。引き続き、飼養管理継続をご希望される場合は
オークション事務局までお問い合わせ下さい。",,2026-03-19,304000.0,1216000.0,30万円 〜 121万円,3歳基準(80万) / 軽量牡/セ(-5%) / 未勝利・低賞金馬の下振れリスク許容
ダンシングアウェイ ３歳,牡,3,ジャスタウェイ,466,0,"本馬について
父ジャスタウェイはハーツクライの代表産駒の一頭です。3歳春にアーリントンCを制した後は惜敗が続きましたが、4歳秋に覚醒。天皇賞・秋で4馬身差の圧勝を果たすと、翌年には中山記念で弾みをつけてドバイに遠征し、ドバイデューティフリーをレコードタイムで圧勝。この勝利で、日本馬史上初の国際レーティング世界一に輝きました。帰国初戦の安田記念も制して4連勝。秋には凱旋門賞にも挑戦（8着）し、帰国してジャパンCで2着となるなど、高いパフォーマンスを発揮しました。産駒のデビューは2018年で、アドマイヤジャスタがホープフルS2着（のちに函館記念優勝）、ヴェロックスが若駒S、若葉Sを勝ち、皐月賞2着、日本ダービー、菊花賞ともに3着とG1戦線で活躍。4歳初戦のシルクロードSで重賞初制覇を飾ったアウィルアウェイ、5連勝でチャレンジCを制したロードマイウェイなど父同様にジワジワと力をつけていくタイプもいます。ダートでもテオレーマ（JBCレディスクラシックなど交流重賞3勝）、マスターフェンサー（名古屋GPなど同4勝）などが活躍。2世代目以降もエーポス（フィリーズレビュー）、ダノンザキッド（ホープフルS、東スポ杯2歳S、香港C2着、マイルCS2着）、ヴェルテックス（名古屋GP、川崎記念3着）、ガストリック（東スポ杯2歳S）、ルージュエヴァイユ（エリザベス女王杯2着）、コレペティトール（京都金杯）、ヤマニンウルス（プロキオンS、東海S）、ミステリーウェイ（アルゼンチン共和国杯）など重賞活躍馬が絶えず出ています。

母系に関しては、3代母シンコウラブリイがマイルCS、NZT4歳S、毎日王冠、スワンS、ラジオたんぱ賞、クイーンS勝ちの実績馬。いとこにマルカイグアス（園田金盃、兵庫優駿など園田重賞6勝）、イッテラッシャイ（ヒヤシンスS3着）がいる他、近親にロードクロノス（中京記念）、シンメイフジ（関東オークス、新潟2歳S）、ロードマイウェイ（チャレンジC）、ムイトオブリガード（アルゼンチン共和国杯）、遠縁にコディーノ（札幌2歳S、東スポ杯2歳S、朝日FS2着、皐月賞3着）、チェッキーノ（フローラS、オークス2着）、チェルヴィニア（オークス、秋華賞、アルテミスS）がいる活力豊かな牝系です。母ポートキャンベルは未勝利でしたが、兄姉は半姉スプリングレーヌが名古屋4勝、全姉モアニがJRA芝1勝と、4頭中2頭が勝ち上がっています。

本馬は、2025年9月14日の中山芝1800mで馬体重464㎏でデビュー。まずまずのスタートを切って10頭立ての中団追走となると、直線で脚を伸ばし、のちに重賞戦線で活躍する勝ち馬ライヒスアドラー（弥生賞ディープインパクト記念2着、東スポ杯2歳S3着）に1秒1差の4着に入ります。3カ月あけて12月の同舞台では立ち遅れて16頭立ての後方1～2番手追走となり、メンバー2位の上がりを使ったものの1秒4差の9着、中4週の小倉芝2000mでは18頭立ての後方3～4番手から伸び切れず2秒0差の14着に敗れ、以降はダートへ転戦。中2週の東京ダート2100mでは、序盤こそ13頭立ての後方3番手追走となりましたが、向こう正面で前から3番手までポジションを上げると、直線でジリジリと脚を使って1秒4差の4着に入ります。さらなる前進を期して、前走は中2週で3月7日の中山ダート1800mに馬体重466㎏で臨みましたが、14頭立ての中団から伸びを欠いて2秒0差の10着に終わっています。

芝の新馬戦で4着に来てくれましたが、走りを見るとダート向きの印象です。地方のダートならやれると思います。

記載内容を十分に熟読、ご理解いただき、現状有姿、現状渡しのノークレーム、ノーリターンでお願いいたします。落札後の記載事項に関するキャンセル、落札から一週間以上経過後のキャンセルおよび価格交渉には一切応じられません。また、現状に不安がある方は現在厩場所で獣医検査を受けるなど、必ず事前に状態把握およびご納得をいただいたうえでのご入札を重ねてお願いいたします。


※南関東4競馬場への転入が可能です。

※グロースフィールド（茨城県稲敷郡阿見町福田・阿見TC内）に在厩しており、預託料は9,350円/日（税込）です。
3月21日（土）より落札者様の預託料負担となります。


販売申込者：星野 祐介（インボイス登録あり）
【入札時の注意事項】（必ずご確認ください）
※サラブレッドオークションでの落札馬は、原則として5日以内に在厩場所より引き渡しをさせていただきます。引き続き、飼養管理継続をご希望される場合は
オークション事務局までお問い合わせ下さい。",,2026-03-19,320000.0,1280000.0,32万円 〜 128万円,3歳基準(80万) / 未勝利・低賞金馬の下振れリスク許容
クールソル ５歳,牝,5,ドレフォン,464,0,"本馬について
父ドレフォンは米国で生産、調教され、重賞初挑戦となった3歳時のキングズビショップSでG1初勝利を飾ると、続くBCスプリントも完勝。2016年のエクリプス賞最優秀短距離馬に選出されました。4歳時はフォアゴーSで3度目のG1制覇を果たし、連覇を狙ったBCスプリントで6着に敗れて引退。翌年から日本で種付けを行っています。2021年にデビューした初年度産駒は皐月賞馬ジオグリフを筆頭に、デシエルト（中日新聞杯、若葉SなどL3勝）やコンシリエーレ（オアシスS、サウジダービー3着）、ワープスピード（豪G1メルボルンC2着、阪神大賞典2着）、カワキタレブリー（NHKマイルC3着）、タイセイドレフォン（レパードS2着）などが脚光を浴び、以降もサーフズアップ（大井重賞・東京プリンセス賞、浦和重賞・ユングフラウ賞）、アンデスビエント（関東オークス）、ミッキーファイト（JBCクラシック、帝王賞、レパードS、アンタレスS、名古屋大賞典）、ウォーターリヒト（東京新聞杯、マイルCS3着）、アドマイヤデイトナ（UAEダービー）、マテンロウコマンド（兵庫CS）、トウカイマシェリ（兵庫ジュニアGP）、スターアニス（阪神JF）といった重賞活躍馬が出ています。芝・ダートを問わず万遍なく勝ち上がり、距離の融通性も高く、評価がさらに上昇している種牡馬です。

母系に関しては、3代母ムーンレディがG2独セントレジャー、米G2ロングアイランドH、独G3ドイツ牝馬賞、ドイツヘロルト賞勝ちの実績馬。叔母にコパノフィーリング（川崎スパーキングスプリント、船橋・習志野きらっとスプリントなど地方重賞4勝）がいる他、近親にエイシンフラッシュ（日本ダービー、天皇賞・秋、毎日王冠、京成杯、天皇賞・春2着、有馬記念2着）がいます。母メジャータイフーンは函館2歳Sで2着に好走した実績馬。他のきょうだいは半姉ヘニータイフーンが阪神ダート1400mで新馬勝ちしてJRAダート4勝、船橋1勝（大井・東京シンデレラマイル3着）、半妹マライカが園田で1戦1勝と、3頭中2頭が勝ち上がっています。

本馬は、2024年2月18日の京都ダート1400mで馬体重462㎏でデビュー。出遅れて15頭立ての後方2番手追走となると、直線でメンバー2位の上がりを使いましたが、1秒9差の10着に敗れてしまいます。中6週で4月の中山ダート1200mでも、立ち遅れて16頭立ての中団から伸び切れず、2秒2差の10着に敗れますが、さらに中7週の6月の東京ダート1400mでは、まずまずのスタートを切って16頭立ての2～3番手に付けると、直線もしぶとく伸びて0秒2差の3着に好走します。その後も中2週の東京ダート1400mで0秒6差の4着、さらに中2週の福島ダート1150mではハナ差の2着と好勝負を続け、中3週で迎えた8月の新潟ダート1200mでは、楽に15頭立ての2番手に付けると、直線残り200mで粘る逃げ馬をかわして先頭に立ち、0秒2差抜け出して待望の初勝利を収めます。

1勝クラスでは、初戦となった2024年10月の新潟ダート1200mこそ13頭立ての4～5番手からジリジリとした伸び脚で6着（1秒2差）に敗れますが、中4週で12月の中京ダート1200mでは、16頭立てで逃げて0秒2差の2着に好走。中3週の中山ダート1200mでも16頭立ての5着（0秒3差）に善戦すると、4歳1月を迎えた中2週の同舞台では、16頭立ての2～3番手から粘る逃げ馬をクビ差でとらえ切り、2勝目をマークします。2勝クラスでは、なかなか前で流れに乗った競馬も難しくなり、5戦して全て2桁着順。前走は先週3月15日の伊良湖特別（中京ダート1200m）に馬体重464㎏で臨み、15頭立ての中団から伸びを欠いて2秒6差の最下位に終わっています。

2勝クラスでは頭打ちの感が否めず、このタイミングでオークション出品となります。

制裁は受けていませんが、ゲートでガタガタする時があります。

記載内容を十分に熟読、ご理解いただき、現状有姿、現状渡しのノークレーム、ノーリターンでお願いいたします。落札後の記載事項に関するキャンセル、落札から一週間以上経過後のキャンセルおよび価格交渉には一切応じられません。また、現状に不安がある方は現在厩場所で獣医検査を受けるなど、必ず事前に状態把握およびご納得をいただいたうえでのご入札を重ねてお願いいたします。


※南関東4競馬場への転入が可能です。

※株式会社ストローファーム（茨城県稲敷郡阿見町大字上長）に在厩しており、預託料は10,230円/日（税込）です。
3月21日（土）より落札者様の預託料負担となります。


販売申込者：林 正道（インボイス登録あり）
【入札時の注意事項】（必ずご確認ください）
※サラブレッドオークションでの落札馬は、原則として5日以内に在厩場所より引き渡しをさせていただきます。引き続き、飼養管理継続をご希望される場合は
オークション事務局までお問い合わせ下さい。",,2026-03-19,180000.0,720000.0,18万円 〜 72万円,実績馬(基本50万＋賞金加算) / 未勝利・低賞金馬の下振れリスク許容 / 年齢減価(-10%)
スピードパンサー ５歳,牡,5,アポロケンタッキー,504,0,"本馬について
父アポロケンタッキーはDanzigの直子でメトロポリタンHなど米G1・3勝を誇るLangfuhrを父に持ち、500㎏を優に超える大型馬として4歳時に本格化しました。春に準OP、仁川S、ブリリアントSと3連勝で弾みをつけると、秋はみやこSで重賞初制覇を果たし、暮れの東京大賞典でG1タイトルを獲得。5歳時には日本テレビ盃に勝ち、その後も川崎記念2着、かしわ記念3着などダートの頂上決戦で息長く上位争いを演じ、7歳秋に引退して種牡馬入りしました。初年度から77頭、61頭、54頭と毎年コンスタントに種付けしていましたが、3年目のシーズンだった2022年6月、盲腸破裂により残念ながら死亡。残された産駒として、ファーストクロップのスピードパンサーが2023年12月の中山ダート1200mでJRA初勝利、4歳時に新潟ダート1200mで2勝目を挙げれば、地方競馬でもリメンバーアポロ（金沢ヤングチャンピオン）、フークファンタジー（佐賀若駒賞2着）、マルヨハルキ（笠松・新緑賞2着、岐阜金賞、ネクストスター中日本ともに3着）といった重賞活躍馬が出ています。混じり気がない北米血統のスピードとパワーの継承に期待は募るばかりです。

母系に関しては、祖母ファーマクリームがクリスマスローズS2着、橘S3着の実績馬。叔母にJRA芝1200mで4勝のOP馬マメコ、叔父にスペシャルエックス（兵庫ジュニアGP2着、兵庫ゴールドT3着、道営スプリント連覇など地方重賞6勝）がいます。母ハナズクリームは名古屋1勝。他のきょうだいは半姉エミープライムが高知1勝、半弟クレームドールが船橋1勝と、2頭ともに勝ち上がっています。

本馬は、2023年10月8日の東京ダート1600mで馬体重488㎏でデビュー。若干立ち遅れながらも二の脚が速く、15頭立ての4番手のインに付けましたが、直線で伸び切れず、勝ち馬から2秒8差の10着に敗れてしまいます。次戦は距離を短縮し、中1週で東京ダート1400mへ。まずまずのスタートを切って13頭立ての2番手に付けると、逃げ馬に直線で突き放されながらもしぶとく脚を伸ばし、0秒8差の2着に入ります。さらに距離を短縮してからも先行力に陰りはなく、中3週の東京ダート1300mで0秒1差の2着、中1週の中山ダート1200mで0秒3差の3着に好走。さらに中3週で迎えた年末の同舞台では、16頭立ての中初めて先手を取り、直線も脚いろは衰えず3馬身差で逃げ切り、待望の初勝利を収めます。

昇級後も先行力を発揮しながら、3歳3月の中山ダート1200mで16頭立ての8着（0秒9差）、4月の同舞台で16頭立ての15着（2秒6差）と結果が伴いませんでしたが、距離を短縮して6月の函館1000mに臨むと、11頭立ての3番手からしぶとく脚を使って0秒7差の3着に入ります。その後は4歳の昨年3月までに4戦して4着2回が最高でしたが、5月に新潟ダート1200mに臨むと、14頭立ての2番手から粘る逃げ馬をアタマ差でとらえ切り、待ちに待った2勝目をマークします。

2勝クラスでは初戦を5月の火打山特別（新潟ダート1200m）で迎え、15頭立ての2～3番手から伸びを欠いて9着（1秒9差）。中4週の前走は目先を替えて6月28日の小倉障害3歳上未勝利戦（芝2860m）に馬体重504㎏で臨みましたが、序盤から流れに乗り切れず、12頭立ての最下位（5秒0差）に終わっています。

前走後、右前の屈腱炎を発症してしまい、見舞金18号を受給し、休養を余儀なくされました。3月に帰厩し、調教を進めましたが、3月12日のエコー検査で左前の屈腱炎発症を確認。損傷率21・46％で、今回は見舞金対象外となりました。頭数整理で、このタイミングでオークション出品となります。

2024年7月6日の出走後は約7カ月あいていますが、馬体調整の放牧によるものです。

記載内容を十分に熟読、ご理解いただき、現状有姿、現状渡しのノークレーム、ノーリターンでお願いいたします。落札後の記載事項に関するキャンセル、落札から一週間以上経過後のキャンセルおよび価格交渉には一切応じられません。また、現状に不安がある方は現在厩場所で獣医検査を受けるなど、必ず事前に状態把握およびご納得をいただいたうえでのご入札を重ねてお願いいたします。


※2025年6月28日の競走で、右前屈腱炎を発症。事故見舞金18号（競馬会の施設内において発生した屈腱炎により9ヵ月以上中央競馬の競走に出走できなくなった場合）を受給しています。

※南関東4競馬場への転入が可能です。

※シーホース（千葉県香取市大根・相川牧場内）に在厩しており、預託料は8,800円/日（税込）です。午後の引取は退厩日も請求がありますのでご承知おきください。
3月21日（土）より落札者様の預託料負担となります。


販売申込者：古賀 慎一（インボイス登録あり）
【入札時の注意事項】（必ずご確認ください）
※サラブレッドオークションでの落札馬は、原則として5日以内に在厩場所より引き渡しをさせていただきます。引き続き、飼養管理継続をご希望される場合は
オークション事務局までお問い合わせ下さい。 ['屈腱炎']",,2026-03-19,100000.0,324000.00000000006,10万円 〜 32万円,検出疾病: 屈腱炎 / 実績馬(基本50万＋賞金加算) / 大型馬(+5%) / 未勝利・低賞金馬の下振れリスク許容 / 年齢減価(-10%)
テクノデザイン ６歳,牝,6,ロゴタイプ,434,0,"本馬について
本馬は2022年10月に栗東TC・千田輝彦厩舎へ入厩し、同年12月の阪神・2歳新馬戦(芝1400ｍ)でデビューしました。その後、4戦目となる2023年7月の中京・芝1600ｍ戦では好位から押し切る競馬で初勝利を挙げています。

昇級初戦となった2023年12月の中京・芝1600ｍ戦では、スタートを決めて先行策から4着と好走しましたが、このレースで「枠入り不良による出走停止・発走調教再審査」の制裁を受けました。再審査に合格後、2024年3月の阪神・芝1600ｍ戦では、大外枠から距離ロスの多い内容ながら5着と掲示板を確保しています。

その後は枠内駐立がなかなか落ち着かず出遅れるレースが続いたものの、徐々に追い込みの競馬が板についてきた様子で、2025年5月には新潟・芝1400ｍ戦、京都･芝1400ｍ戦に続けて出走し、いずれも勝ち馬から0.1秒差の3着、2着と勝利まであと一歩に迫る走りを見せています。しかし、同年8月の中京・芝1400ｍ戦では枠内で暴れて体勢を崩し、大きく出遅れて「枠内駐立不良による注意」と「タイムオーバーによる出走制限」を受けました。その後の3戦は本来の末脚を発揮できませんでしたが、直近2走となる2026年2月の小倉・芝1200ｍ戦、3月の中京・芝1400ｍ戦では復調の兆しが感じられる追い込みを見せて、5着、6着と健闘しています。

このように近走で内容が上向いているなかではありますが、本年3月末にて共有者間で定められた引退期限を迎えることから、今後の新たな活躍の舞台を求めてオークションへ出品する運びとなりました。ゲートの課題こそあるものの、ここまでの競走成績が示すとおり、JRA1勝クラスの短距離戦線で勝ち負けできる高いスピード能力の持ち主です。

父ロゴタイプからはダート重賞での活躍が目立つオメガギネスや、ミトノオーといった産駒が誕生しており、加えて本馬の兄弟に地方で勝ち星を積んでいる馬が多数いることから、地方競馬の舞台での活躍も期待できそうです。

また、牝系に目を向けると、祖母モテックはフランスの重賞勝ち馬で、その産駒には2010年優駿牝馬(G1)勝ち馬サンテミリオンや、中央5勝をあげて重賞でも多数入着経験のあるレコンダイトがいます。将来的には繁殖牝馬としても可能性を秘めた血統背景といえるでしょう。

・2021年3月10日に左飛節OCD除去手術をおこなっています。
・2023年12月10日のレースで枠入り不良となり、出走停止および発走調教再審査を課されました。
・2025年8月24日のレースで枠内駐立不良（暴れる）となり、注意を受けました。
・2025年8月24日のレースでタイムオーバーによる出走制限を課されました。
・環境の変化や周囲の馬の影響により、 ゆう癖を見せることがあります。
・上記のレース以外でも枠入りや駐立が安定しないことがあり、ゲートには課題が残ります。

現状渡しのノークレーム・ノーリターンでお願いいたします。記載事項に関するキャンセルには応じられません。


※南関東4競馬場への転入が可能です。

※島上牧場（滋賀県栗東市荒張）に在厩しており、預託料は10,450円/日（税込）です。
3月21日（土）より落札者様の預託料負担となります。


販売申込者：社台ファーム（インボイス登録あり）
【入札時の注意事項】（必ずご確認ください）
※サラブレッドオークションでの落札馬は、原則として5日以内に在厩場所より引き渡しをさせていただきます。引き続き、飼養管理継続をご希望される場合は
オークション事務局までお問い合わせ下さい。 ['OCD', ' ゆう癖']",,2026-03-19,112000.0,448000.0,11万円 〜 44万円,"検出疾病: OCD, ゆう癖 / 高齢(6歳〜)賞金加算微減 / 未勝利・低賞金馬の下振れリスク許容 / 年齢減価(-20%)"
フラッシングレート ６歳,牝,6,ミッキーロケット,494,0,"本馬について
共有規約の期限により中央競馬登録を抹消し、地方競馬に売却する運びとなりました。
３走前では勝ち馬との接戦を演じたように、１勝クラスでも上位争いする力はありました。ここまで大きな怪我もなく安定して走れたタフさは、本馬と同じくコンスタントに出走し、１勝馬ながら重賞競走２着３回と優れた能力を見せていた母譲りです。父産駒は少ないものの、その中から高知の御厨人窟賞(重賞)を優勝したジョウショーホープ号や、北陸２歳王者決定戦である金沢ヤングチャンピオンを優勝したダンナイ号など実績馬を輩出しています。本馬のダート経験は１戦だけですが、比較的流れが緩やかな地方競馬になれば新たな活躍が見込めると期待します。
現状渡しのノークレーム、ノーリターンで、ご検討ご入札のほどよろしくお願いいたします。


※南関東4競馬場への転入が可能です。

※島上牧場（滋賀県栗東市荒張）に在厩しており、預託料は10,450円/日（税込）です。
3月21日（土）より落札者様の預託料負担となります。


販売申込者：ノーザンファーム（インボイス登録あり）
【入札時の注意事項】（必ずご確認ください）
※サラブレッドオークションでの落札馬は、原則として5日以内に在厩場所より引き渡しをさせていただきます。引き続き、飼養管理継続をご希望される場合は
オークション事務局までお問い合わせ下さい。",,2026-03-19,168000.0,672000.0,16万円 〜 67万円,高齢(6歳〜)賞金加算微減 / 大型馬(+5%) / 未勝利・低賞金馬の下振れリスク許容 / 年齢減価(-20%)
ダミエ ６歳,牡,6,キンシャサノキセキ,468,0,"本馬について
父キンシャサノキセキは豪州で生産され、フジキセキ産駒らしいスピードを武器に国内で活躍。南半球産の9月生まれながら、2歳12月の中山新馬（芝1200m）、OP特別のジュニアCと連勝、NHKマイルCでは3着と早くから素質の高さを示します。5歳時に函館スプリントSで重賞初制覇、同年の高松宮記念、スプリンターズSでともに2着と短距離路線の中心馬になると、6歳秋からスワンS、阪神C、オーシャンS、高松宮記念と4連勝で待望のG1初制覇。引退レースとなる翌年の高松宮記念で連覇を飾り、種牡馬入りしました。8歳まで息長く活躍した丈夫さ、そのスピード能力を求められて初年度から154頭に種付けし、10年目の2020年まで毎年100頭以上に交配する人気サイアーとなり、2022年に引退。モンドキャンノ（京王杯2歳S、朝日杯FS2着）、シュウジ（阪神C、小倉2歳S）、ガロアクリーク（スプリングS、皐月賞3着）、ルフトシュトローム（ニュージーランドT）、サクセスエナジー（Jpn2東京盃など交流重賞6勝）、リバーラ（ファンタジーS）といった重賞ウイナーを送り出すと、2025年にはファーンヒルが6歳時にJBCスプリントを制してJpn1初制覇を飾りました。今年もペアポルックスがオーシャンSを勝つなど、その勢いはとどまることを知りません。

母系に関しては、叔父にコンシリエーレ（兵庫CS、サウジダービーともに3着）、ジャナドリア（雲取賞、羽田盃3着）がいる他、近親にOff the Tracks（米G1マザーグースSなど重賞2勝、G1エイコーンS2着）、Percy's Bar（米G1スピナウェイS、アルシバイアディズSともに2着）、Defense Wins（米G1デルマーフュチュリティ3着）、Tasha's Miracle（米G3・2勝、米G1ラスヴィルヘネスS3着）がいます。母エスメラルディーナは関東オークス優勝、フィリーズレビュー、兵庫CSともに3着の実績馬。他のデビューしたきょうだいは小倉大賞典勝ち、大阪杯3着の半兄アリーヴォを筆頭に、半妹ショコラプリンがJRAダート4戦1勝と、3頭中2頭が勝ち上がっています。

2020年のセレクトセール出身（7920万円）の本馬は、2022年12月28日の阪神芝1600mで馬体重484㎏でデビュー。若干立ち遅れて18頭立ての7番手追走となると、直線でメンバー3位タイの上がりを使い、0秒5差の4着に入ります。その後は3歳を迎えた2023年2月の小倉芝1800mで13頭立ての3着（0秒7差）、3月の阪神芝1600mで18頭立ての12着（0秒8差）と善戦どまりで、次戦はダートへ。2カ月あけて5月の京都ダート1400mに臨むと、16頭立てで先手を取り、雨中の不良馬場のなか直線も脚いろは衰えず、2馬身半差で逃げ切り、初勝利を収めます。

昇級後は続戦して5月の京都、7月の中京とダート1400mに臨んだものの、ともに12着。次戦からは再び芝に戻し、中5週で9月の小倉芝1200mに臨むと、18頭立ての中団からメンバー3位の上がりを使って0秒2差の3着に好走します。以降も勝ち切れないまでも善戦に持ち込み、2024年7月までに芝で10戦して2着1回、3着1回。11月に再びダートに戻して中京ダート1200mに臨むと、16頭立ての後方2番手からメンバー2位の上がりを使って0秒3差の2着に好走します。次戦は中5週で2025年1月の中京ダート1400mに臨むと、16頭立ての中団前めで運び、直線で力強く伸びて半馬身差で差し切り、1年8カ月ぶりの2勝目をマークします。

2勝クラスでも末脚を生かしつつ善戦こそするものの、ダートで8戦して4着（中京ダート1200mで0秒3差）が最高。今年に入ってからは2桁着順が続き、前走は3月8日の阪神ダート1400mに馬体重468㎏で臨み、13頭立ての最後方から伸びを欠いて2秒9差の11着に終わっています。

2勝クラスでは頭打ちの感が否めず、このタイミングでオークション出品となりました。地方の環境に変わり、リスタートに期待しています。

なお、現在左前管内側に骨瘤が見受けられます。

記載内容を十分に熟読、ご理解いただき、現状有姿、現状渡しのノークレーム、ノーリターンでお願いいたします。落札後の記載事項に関するキャンセル、落札から一週間以上経過後のキャンセルおよび価格交渉には一切応じられません。また、現状に不安がある方は現在厩場所で獣医検査を受けるなど、必ず事前に状態把握およびご納得をいただいたうえでのご入札を重ねてお願いいたします。


※南関東4競馬場への転入が可能です。

※島上牧場（滋賀県栗東市荒張）に在厩しており、預託料は10,450円/日（税込）です。
3月21日（土）より落札者様の預託料負担となります。


販売申込者：(株) キーファーズ（インボイス登録あり）
【入札時の注意事項】（必ずご確認ください）
※サラブレッドオークションでの落札馬は、原則として5日以内に在厩場所より引き渡しをさせていただきます。引き続き、飼養管理継続をご希望される場合は
オークション事務局までお問い合わせ下さい。 ['骨瘤']",,2026-03-19,144000.0,576000.0,14万円 〜 57万円,検出疾病: 骨瘤 / 高齢(6歳〜)賞金加算微減 / 未勝利・低賞金馬の下振れリスク許容 / 年齢減価(-20%)
ビジンハクメイ ４歳,牝,4,シニスターミニスター,465,0,"本馬について
父のシニスターミニスターはエーピーインディ系のオールドトリエステ直仔で、米G1ブルーグラスSを制覇し2008年より本邦でスタッドインしました。これまでにチャンピオンズCとJBCクラシック、帝王賞に優勝のテイオーケインズやJBCクラシックと帝王賞を制したキングズソードなどを輩出したほか、ドライスタウトが全日本2歳優駿、ヤマニンアンプリメはJBCレディスクラシックを制しています。また2023年にはミックファイアがジャパンダートダービーを含む南関東三冠を達成。ほかにインカンテーション、グランブリッジなどこれまでに14頭のダート重賞ウイナーが出ています。

いっぽうの母系ですが、母のクロンヌドールは未勝利。半兄のマッスルビーチが平地で3勝後に障害で2勝、キンノマサカリは3勝、モウショウはJRA1勝後に兵庫で3勝、コーディネータが1勝、ほかに半姉2頭が地方競馬で勝ち鞍をあげています。伯父のターゲットマシンが3勝するなど母のきょうだいは3頭がJRAで勝利。遡ると3代母マンファスの仔にNHKミルCとダービーを制したキングカメハメハ、米G1サンタアニタダービー優勝馬のザデビュティ、フローラS2着のレースパイロット、曾孫には函館記念に勝ち天皇賞（秋）で3着に入ったホウオウビスケッツがいるなど活躍馬多数の一族の出です。

本馬は2025年8月10日の中京ダート1400m未勝利戦に既走馬相手にデビュー。馬体重は460キロでした。序盤は中団に付けましたが、徐々に位置取りが悪くなり後方2頭目からの追走となりました。直線ではインを突きましたがなかなか前との差は詰まらず16頭立ての13着。勝ち馬からは2秒4差でした。
未勝利戦終了に伴い地方競馬へ移籍しますが、馬体の立て直しに時間を要し、今年2月11日の姫路1400m戦から再始動となりました。まずまずのスタートから外の3番手につけ、勝負処から仕掛けて4コーナーでは2番手まで上がりましたが直線で前の馬に大差をつけられ、さらにラストは2着馬にクビ差交わされての3着でした。
3月4日の姫路1400m戦では好位の外を追走しましたが、直線で伸びがなく1着馬から1秒5差の4着。そして3月17日の園田1230m戦に出走。ここでも好位からレースを進めたものの、直線で伸びを欠いて8着。着差は2秒1でした。
兵庫県競馬で3戦を消化しましたが、体の軸ができていないのでノメるような感じの走り方で、体力面もまだまだな現状です。勝ち負けするには時間が掛かりそうなことから、頭数整理の都合もありこのたびのオークションへ出品いたしました。
他場の環境で、レースを使いつつ徐々に力をつけていって欲しいところです。

記事内容を十分に熟読、ご理解いただき、現状有姿、現状渡しのノークレーム、ノーリターンでお願いいたします。

【本馬についての現状説明】
転厩前は馬体の立て直しに時間が掛かりました。まだ体の軸が出来いないのでノメるような感じの走りですし、体力面もまだまだで頭数整理となりました。（園田競馬西脇・松浦聡志調教師）


※南関東4競馬場への転入はできません。

※園田競馬西脇馬事公苑・松浦聡志厩舎に在厩しています。預託料につきましては、サラブレッドオークション事務局にお問い合わせください。
3月21日（土）より落札者様の預託料負担となります。


販売申込者：岡 浩二（インボイス登録あり）
【入札時の注意事項】（必ずご確認ください）
※サラブレッドオークションでの落札馬は、原則として5日以内に在厩場所より引き渡しをさせていただきます。引き続き、飼養管理継続をご希望される場合は
オークション事務局までお問い合わせ下さい。",,2026-03-19,200000.0,800000.0,20万円 〜 80万円,実績馬(基本50万＋賞金加算) / 未勝利・低賞金馬の下振れリスク許容
エバーステイ ４歳,牝,4,オルフェーヴル,420,0,"本馬について
父オルフェーヴルは2011年にクラシック三冠、有馬記念を制してJRA賞年度代表馬に輝きました。4歳シーズン初戦の阪神大賞典で道中、大きく逸走しながらも2着に追い上げるなど、時に荒ぶる気性面が災いすることもありましたが、宝塚記念で5つ目のG1タイトルを獲得すると、秋の凱旋門賞では同年、翌年と2年続けて2着に好走。5歳時の有馬記念で有終の美を飾り、種牡馬入りしました。初年度産駒は2017年にデビューし、ロックディスタウンが札幌2歳Sを制して重賞初制覇を飾ると、ラッキーライラック（阪神JF、エリザベス女王杯連覇、大阪杯）、エポカドーロ（皐月賞、日本ダービー2着）といったG1馬が輩出。以降もオーソリティ（青葉賞など重賞4勝、ジャパンC2着、ドバイシーマクラシック3着）、シルヴァーソニック（ステイヤーズS、サウジG3レッドシーターフH、天皇賞・春3着）、クリノメイ（チューリップ賞）などが芝重賞で脚光を浴びれば、米G1BCディスタフで日本調教馬初の海外ダートG1制覇を果たしたマルシュロレーヌ（ほか交流重賞4勝）やウシュバテソーロ（ドバイワールドC、東京大賞典連覇、川崎記念）、ショウナンナデシコ（かしわ記念など交流重賞4勝）など多数のダート重賞ウイナーも生まれています。距離、場所を問わず幅広いカテゴリーで活躍が望めるのは心強い限りです。

母系に関しては、祖母ラシャルマンテは亜G2ラプラタクリアドレス賞、ラプラタ1000ギニーなど重賞5勝、亜G1ラプラタオークス2着、亜オークス3着の実績馬。近親にLe Miracle（亜G3ホセペドロラミレス賞）、The Wiz（G3亜馬主協会賞など重賞2勝）がいます。母エバーシャルマンはJRA芝2勝（L紫苑S3着）。他のきょうだいは毎日杯を制した半兄シーズンリッチを筆頭に、スピードリッチがJRA芝3勝、半姉エバーシャドネーが阪神芝1600mで新馬勝ちしてJRA芝3勝と、4頭中3頭が勝ち上がり、残る1頭の半妹エバーシャンティもJRA芝2戦で4着、3着の成績を残しています。

本馬は、美浦・久保田貴士厩舎から2025年4月13日の中山3歳未勝利（芝2000m）で既走馬相手に馬体重414㎏でデビュー。ゆっくりした出脚から18頭立ての後方2～3番手追走となると、メンバー2位タイの上がりを使いましたが、0秒9差の9着に敗れてしまいます。次戦は2カ月半あけて7月の福島芝1800mへ。ここでもスタートが決まらず16頭立ての後方2番手追走となりますが、3～4コーナーで中団まで押し上げてメンバー3位タイの上がりを使い、0秒9差の6着まで追い上げます。確かな末脚に光るものを感じさせ、スタートにも徐々に進境をうかがわせていきますが、以降は3戦して5着が最高。世代の未勝利戦終了に伴い、3歳上1勝クラスに格上挑戦した10月の東京芝2000mでは10頭立ての5着（1秒5差）に健闘しましたが、同じく格上挑戦した11月の福島芝2600mでは、16頭立ての中団前めを追走したものの、2周目3～4コーナーで位置取りを下げていき、直線も伸びを欠いて2秒0差の12着に敗れます。この一戦を機に、12月11日の当オークションを経て、金沢競馬へ移籍となりました。

今の金沢・井樋一也厩舎での初戦は先週3月15日の金沢ダート1500m（C2）。馬体重420㎏で迎え、8頭立ての大外枠から出遅れて最後方追走となると、3コーナー手前から徐々にポジションを上げて4番手で直線へ向きましたが、前3頭を脅かすまでには至らず、1秒4差の4着に終わっています。

牝馬特有のイレ込む感じは見せますが、旋回癖を見せる時はなかったです。

記載内容を十分に熟読、ご理解いただき、現状有姿、現状渡しのノークレーム、ノーリターンでお願いいたします。落札後の記載事項に関するキャンセル、落札から一週間以上経過後のキャンセルおよび価格交渉には一切応じられません。また、現状に不安がある方は現在厩場所で獣医検査を受けるなど、必ず事前に状態把握およびご納得をいただいたうえでのご入札を重ねてお願いいたします。

【本馬についての現状説明】
転厩初戦で4着に敗れましたが、金沢の馬場が深くなり、芝向きの本馬には合わない印象です。中央再登録へは時間がかかるため、頭数整理でオークション出品となりました。（金沢競馬・井樋一也調教師）


※イレ込むとゆう癖・旋回癖を見せる時があります。 （2025年12月11日出品時記載）

※南関東4競馬場への転入はできません。

※金沢競馬場・井樋一也厩舎に在厩しています。預託料につきましては、サラブレッドオークション事務局にお問い合わせください。
3月21日（土）より落札者様の預託料負担となります。


販売申込者：犬飼 優
【入札時の注意事項】（必ずご確認ください）
※サラブレッドオークションでの落札馬は、原則として5日以内に在厩場所より引き渡しをさせていただきます。引き続き、飼養管理継続をご希望される場合は
オークション事務局までお問い合わせ下さい。 ['ゆう癖', ' 旋回癖']",,2026-03-19,180000.0,720000.0,18万円 〜 72万円,"検出疾病: 旋回癖, ゆう癖 / 実績馬(基本50万＋賞金加算) / 未勝利・低賞金馬の下振れリスク許容"
プリマベーラ ４歳,牝,4,アルアイン,445,0,"本馬について
父アルアインは皐月賞、大阪杯を制しG1２勝、代表産駒は昨年有馬記念2着のコスモキュランダ。祖母クラーベセクレタは牝馬ながら南関東クラシックへ挑戦し羽田盃、東京ダービーを制覇した２冠馬。3歳秋にロジータ記念を勝ったあとは交流重賞でJRA勢相手に互角に戦いクイーン賞(JpnⅢ)を勝利した名牝。JBCレディスクラシックではディクテオンの母メーデイアの６着。良血馬として本馬は2歳時にJRAデビュー予定も成長途上で仕上がりが遅れたため、昨年３歳時の3月に浦和競馬場でデビューし４着、6月の浦和戦では1400mを1分29秒2で走るもハナ差の２着。その後は輸送でのイレ込みが激しく惨敗が続いたため、滞在競馬の船橋競馬場の坂本昇厩舎へ転厩するも、逆に落ち着きすぎて闘争心がわかず結果を出せないまま終わってしまいました。まだ４歳馬ですので、これから変わってくる可能性を秘めた馬です。

【本馬についての現状説明】
JRAでデビュー予定も。気性面を含めて成長途上で仕上がりが遅れたため、3歳時に浦和デビューとなりました。脚元は丈夫ですが、気性的に難しい馬で内馬場でしか調教ができません。毎日、調教名人西村騎手が調教をつけてくれて、状態が上がってきたので期待していました。特に保園騎手が跨った2走前は３着馬から0.9秒差、5着馬からは0.3秒差と着順以上の好内容でした。オーナーの希望で仕方ないですが、これから調子を上げてきそうな牝馬だけに非常に残念です。（船橋競馬・坂本昇調教師）


※南関東4競馬場への転入が可能です。

※株式会社ストローファーム（茨城県稲敷郡阿見町大字上長）に在厩しており、預託料は10,230円/日（税込）です。
3月21日（土）より落札者様の預託料負担となります。


販売申込者：兼行 聡
【入札時の注意事項】（必ずご確認ください）
※サラブレッドオークションでの落札馬は、原則として5日以内に在厩場所より引き渡しをさせていただきます。引き続き、飼養管理継続をご希望される場合は
オークション事務局までお問い合わせ下さい。",,2026-03-19,200000.0,800000.0,20万円 〜 80万円,実績馬(基本50万＋賞金加算) / 未勝利・低賞金馬の下振れリスク許容
エンジェルスター ４歳,牝,4,ジョーカプチーノ,467,0,"本馬について
エンジェルスターはビッグレッドファームで育成されました。母のエンジェルカナはJRAで2勝。祖母のゲイリーピクシーもJRAで3勝をあげています。母の兄弟には重賞のアーリントンカップで2着、G1のNHKマイルカップで4着のマイネルエルフの他、スーパーキングレディー（JPN3）で３着のマイネエレーナ、JRAで5勝のエンゲルヘン、コスモピクシーも園田で重賞を含む9勝と活躍馬の多い母系です。本馬も佐賀で2勝をあげており、常に逃げ、先行するなどスピード能力の高さがうかがえるレース内容でした。本馬には特段の公表はございませんが、必要に応じて実馬の確認なども行った上でご検討ください。現況をご理解、ご納得の上でのご購買、ならびにノークレーム、ノーリターンでお願いいたします。


※南関東4競馬場への転入はできません。

※佐賀競馬場・土井道隆厩舎に在厩しています。預託料につきましては、サラブレッドオークション事務局にお問い合わせください。
3月21日（土）より落札者様の預託料負担となります。


販売申込者：(株) ブルースターズファーム（インボイス登録あり）
【入札時の注意事項】（必ずご確認ください）
※サラブレッドオークションでの落札馬は、原則として5日以内に在厩場所より引き渡しをさせていただきます。引き続き、飼養管理継続をご希望される場合は
オークション事務局までお問い合わせ下さい。",,2026-03-19,200000.0,800000.0,20万円 〜 80万円,実績馬(基本50万＋賞金加算) / 未勝利・低賞金馬の下振れリスク許容
ヴィルナタール ４歳,牝,4,レイデオロ,457,0,"本馬について
本馬は３歳４月の中山競馬でデビューしました。既走馬との一戦だったこともあり１３着と大敗を喫してしまったものの、立て直しを図って臨んだ７月の福島競馬は積極的なレース運びで前進して見せると、８月の新潟競馬では大外を一気に追い込む競馬で２着と勝利にあと一歩まで迫りました。未勝利戦終了後は格上挑戦を挟んだうえで中央再登録を目的に名古屋競馬に移籍しました。その２戦目で待望の初勝利を挙げたものの続くレースでは２着惜敗、３月１３日の競馬では直線で伸びを欠いて掲示板を外してしまったため、このタイミングで競走用馬ファンドを解散することになりました。まだキャリアは浅く、父産駒は古馬になってから頭角を現すタイプが多いだけに、ここから活躍したとしても何ら驚けない存在です。

【本馬についての現状説明】
名古屋に入厩してきた時の第一印象は、“とてもバランスの良い馬”というものでした。中央時の戦績や馬体から芝馬の感じこそありましたが、適応力が高く、ダートもそつなくこなしてくれました。先日のレース後はこれまで同様、右前ソエを気にしているものの歩様自体は良好です。前進気勢が旺盛でハミを取って行きたがるところはありますが、先手を取ることが求められる地方競馬では大きな武器となることは間違いなく、メンバーや環境が変われば、さらに活躍できる余地は残されていると思います。（名古屋競馬・角田輝也調教師）


※南関東4競馬場への転入はできません。

※栗東ホース具楽部（滋賀県栗東市荒張）に在厩しており、預託料は9,900円/日（税込）です。
3月21日（土）より落札者様の預託料負担となります。


販売申込者：(有) ノーザンレーシング（インボイス登録あり）
【入札時の注意事項】（必ずご確認ください）
※サラブレッドオークションでの落札馬は、原則として5日以内に在厩場所より引き渡しをさせていただきます。引き続き、飼養管理継続をご希望される場合は
オークション事務局までお問い合わせ下さい。",,2026-03-19,200000.0,800000.0,20万円 〜 80万円,実績馬(基本50万＋賞金加算) / 未勝利・低賞金馬の下振れリスク許容
キングマイネオ ４歳,牡,4,レイデオロ,462,0,"本馬について
骨折に起因する外科手術ではありませんが、1歳時11月に右後膝ボーンシスト（スクリュー挿入）の手術を実施しています。その後の育成過程、デビューしてからも患部の状態、歩様は問題ありません。2歳11月に川崎競馬でデビュー後、南関東（川崎・浦和）で14戦1勝の成績です。2000mに距離を延長した浦和戦で初勝利をあげました。その後も2000mの距離で善戦をしているように、長めの距離に適性があります。近親のイルーシヴパンサーは古馬になって東京新聞杯（G3）、京都金杯（G3）を勝つなど、成長力のある一族です。本馬にも今後の成長が期待できそうです。

【本馬についての現状説明】
3月5日の川崎戦に出走後、続戦の予定でしたが、調教時に歩様の硬さを認めました。馬体チェックを行ったところ、深管にやや痛みを認めたため続戦は見送りました。その後はショックウェーブでのケアを行ったことで、症状は良化傾向です。歩様は問題ありません。背中と腰に皮膚病が出ていますが、体調面に問題はありません。（川崎競馬・甲田悟史調教師）


※2025年6月16日（3歳時）に右股関節炎を発症。3か月の見舞金を受給しています。

※2024年12月9日（2歳時）に右前肢球節炎を発症。3か月の見舞金を受給しています。

※2023年11月（1歳時）に右後膝ボーンシスト（スクリュー挿入）の手術を実施しています。

※南関東4競馬場への転入が可能です。

※ホースシューベント（千葉県富里市中沢・篠原ファーム内）に在厩しており、預託料は6,600円/日（税込）です。午後の退厩の場合、預託料をご負担いただきますのでご承知おきください。
3月21日（土）より落札者様の預託料負担となります。


販売申込者：吉田 正志
【入札時の注意事項】（必ずご確認ください）
※サラブレッドオークションでの落札馬は、原則として5日以内に在厩場所より引き渡しをさせていただきます。引き続き、飼養管理継続をご希望される場合は
オークション事務局までお問い合わせ下さい。 ['ボーンシスト', ' 球節炎', ' 関節炎', ' 骨折']",,2026-03-19,140000.0,560000.0,14万円 〜 56万円,"検出疾病: 骨折, ボーンシスト, 関節炎, 球節炎 / 実績馬(基本50万＋賞金加算) / 未勝利・低賞金馬の下振れリスク許容"
ナムラクレープ ４歳,牝,4,アドミラブル,464,0,"本馬について
父アドミラブルはキャリアわずか5戦の中で青葉賞優勝、日本ダービー3着と、類まれな能力を示しました。2歳9月の新馬戦こそ9着に敗れましたが、敗因となった喘鳴症の手術に成功して復帰後は未勝利、アザレア賞、青葉賞といずれも2馬身半差以上をつける楽勝で3連勝。迎えた世代最高峰の舞台では、不利な大外⑱番に入り、スローペースの後方から外々を回らされる厳しい展開も影響して1番人気に応えることはできませんでしたが、最速の上がりを駆使して3着と存在感を示しました。夏場の休養中に脚部不安が判明して長期休養を余儀なくされ、5歳4月の復帰間近の段階で不運にも腸骨を骨折。秋に引退、種牡馬入りが決まりました。産駒のデビューは2023年で、9月の阪神新馬戦（芝1400m）でJRA初勝利を挙げたメイショウサチダケは続くデイリー杯2歳Sでも5着に善戦。2世代目からもナムラトロムが中京2歳S4着などスピードを発揮しています。地方でも重賞勝ちのパラダイスリズム（盛岡・サファイア賞）を筆頭に各地で続々と勝ち上がっており、今後も活躍が期待されています。

母系に関しては、近親にJRAダート5勝のOP馬ケビンドゥ、ユニコーンS3着のナムラジョンブルがいる他、遠縁にDeploy Venture（米G3ゴールデンゲイトH、G1チャールズホイッティンガムH3着）、ブレークアップ（AR共和国杯）がいます。母ナムラケイオスはJRAダート2勝。兄姉は地方重賞6勝の半兄ナムラマホーホ（名古屋・名港盃2回、名古屋記念、東海菊花賞、ベイスプリント、笠松・マーチC）を筆頭に、半姉ナムラマッチェリがJRAダート1勝、ナムラデイリリーが阪神芝1200mで新馬勝ちのJRA1勝、ナムラミシェルが笠松7勝と、5頭中4頭が勝ち上がっています。

本馬は、2024年7月27日の新潟芝1400mでデビュー。まずまずのスタートから15頭立ての中団を追走しましたが、直線で伸び切れず、勝ち馬から2秒1差の11着に敗れてしまいます。次戦からはダートに転戦し、3カ月あけての京都ダート1200mは13頭立ての後方3番手から伸びを欠いて2秒2差の11着。連闘で距離を延ばした京都ダート1800mでは12頭立ての2番手に付けたものの、粘りを欠いて4秒9差の7着に敗れます。以降も大きな進境は見られず、6戦して3着1回が最高とはいえ、それも9頭立てで1秒9差。先週5月4日の京都ダート1800mでは14頭立ての好位から2コーナーまでに先頭を奪う積極的な立ち回りを見せましたが、直線入り口でかわされると抵抗できず、2秒4差の10着でした。

地方転入後高知で三連勝をはたし、その後岩手にて4連勝達成。
重賞オータムティアラに挑戦しますが出遅れてしまい3着。
また高知に帰厩して五戦三勝でした。
タイム的にも上のクラスで走れると思っていましたが、前走後右繋靭帯炎を発症しました。
損傷率17%で歩様や熱感はあまりなく、腫れが少々あります。
放牧して復帰できる可能性はあると思うんですが、二歳馬などの入れ替えもありオークションに出すことにしました。
イレコミが強い馬ですので、気性面の改善がなされたら更なる活躍もできるのではと思います。

記載内容を十分に熟読、ご理解いただき、現状有姿、現状渡しのノークレーム、ノーリターンでお願いいたします。落札後の記載事項に関するキャンセル、落札から一週間以上経過後のキャンセルおよび価格交渉には一切応じられません。また、現状に不安がある方は現在厩場所で獣医検査を受けるなど、必ず事前に状態把握およびご納得をいただいたうえでのご入札を重ねてお願いいたします。

【本馬についての現状説明】
まずは繋靭帯炎を治してからの復帰を願いたいですね。入替のため出品となりました。（高知競馬・田中守調教師）


※2025年3月2日の競走において、枠内駐立不良（くぐる）となっています。

※南関東4競馬場への転入が可能です。

※高知競馬場・田中守厩舎に在厩しています。預託料につきましては、サラブレッドオークション事務局にお問い合わせください。
3月21日（土）より落札者様の預託料負担となります。


販売申込者：須田 靖之（インボイス登録あり）
【入札時の注意事項】（必ずご確認ください）
※サラブレッドオークションでの落札馬は、原則として5日以内に在厩場所より引き渡しをさせていただきます。引き続き、飼養管理継続をご希望される場合は
オークション事務局までお問い合わせ下さい。 ['喘鳴症', ' 繋靭帯炎', ' 脚部不安', ' 骨折']",,2026-03-19,80000.0,320000.0,8万円 〜 32万円,"検出疾病: 繋靭帯炎, 骨折, 喘鳴症, 脚部不安 / 実績馬(基本50万＋賞金加算) / 未勝利・低賞金馬の下振れリスク許容"
アマノハバキリ ４歳,牡,4,シニスターミニスター,476,0,"本馬について
父シニスターミニスターは米国で生産、調教され、3歳時のブルーグラスSで後続を12馬身以上も突き放す圧勝でG1初制覇。続くケンタッキーダービーでも期待を集めましたが、ここは16着と大敗を喫し、その後も白星を挙げられないまま4歳で引退し、日本で種牡馬入りしました。産駒の活躍は圧倒的にダートに偏っており、重賞6勝を挙げフェブラリーS2着のインカンテーションや、プロキオンS勝ちのキングズガードといった一流馬を輩出。2019年のJBCレディスクラシックでヤマニンアンプリメとゴールドクイーンがワンツーを決め、産駒のG1初制覇も果たしました。その後も21年のJRA最優秀ダートホースに輝いたテーオーケインズといったダート王を出しています。地方でも毎年のように重賞勝ち馬を送り出しており、重賞9勝のサムライドライブや、南関東の2冠馬ミックファイアなどが活躍。短距離から中距離まで幅広い距離で結果を残しています。

母系を見ますと、母ピサノベッテルはJRAで芝、ダートを問わずに3勝。半兄アナザーバトルは大井で3勝。半姉デファイはJRAの芝で2勝を挙げ、2勝クラスでも上位争いしています。伯母のオールザットジャズは福島牝馬Sを連覇するなど、牝馬戦線で活躍した一流馬。母のいとこには兵庫ジュニアGPを勝ったジャジャウマナラシがおり、祖母ダイヤモンドピサの半姉には愛1000ギニー馬フーラエンジェルがいます。近親には岩手で重賞6勝のコウギョウデジタルや、佐賀で重賞勝ちしたサンマルドライヴ。3代母ジョードの半兄にはケンタッキーダービー馬スペンドアバックがおり、フロリダダービー勝ちのアイスボックスなども同じ一族の出身となっています。

本馬は2024年11月5日に園田1400mの初出走戦でデビュー。前から差のない4番手を追走し、直線もしっかりと脚を使いましたが、前の2頭から少し離された3着まで。その後も同舞台で4、3着と差のない競馬をしながら勝ち切れずに2歳シーズンを終えました。
3歳初戦も園田1400m戦で4着となったあと、続く姫路1500mの3歳C1戦は2着。前進を示し、3戦目に姫路1400mの同条件戦を逃げ切って初勝利を挙げています。3歳B級に上がってからも大崩れはせず、園田1400m戦での3着を挟んだのち、距離を延ばした園田1870m戦を逃げ切って2勝目をマークしました。
2勝目を挙げ、重賞の西日本クラシックに参戦。好ダッシュから積極的に2番手を進み、4コーナーでは逃げていた勝ち馬キミノハートに引き離されてしまいましたが、そこからもしぶとく食い下がって0秒5差の4着に健闘しました。
重賞で力を示すと、その後は2着を挟んで園田1700mの3歳A級特別を逃げ切って3勝目をゲット。続く同舞台の特別戦でも2着に好走し、秋には兵庫3冠の最終戦である園田オータムトロフィーに出走。ここは無敗3冠を達成したオケマルから大きく離された6着に終わっています。
次戦からは古馬と対戦。年末の園田2400mの特別戦は距離も長く11着に終わり、年明けからは姫路で1500mと1800mのB1下を走りましたがともに7着。思ったように成績が上がってこない現状を考慮し、今回のオークション出品を決めました。
3歳時に重賞やA級特別で好走した力を考えれば、もっとやれてもいい馬ですし、成長力のある血統だけに、ここからもうひと化けしてくる可能性もあるでしょう。環境の変化などできっかけをつかんでほしいと思います。

記載内容を十分に熟読、ご理解いただき、現状有姿、現状渡しのノークレーム、ノーリターンでお願いいたします。落札後の記載事項に関するキャンセル、落札から一週間以上経過後のキャンセルおよび価格交渉には一切応じられません。また、現状に不安がある方は現在厩場所で獣医検査を受けるなど、必ず事前に状態把握およびご納得をいただいたうえでのご入札を重ねてお願いいたします。

【本馬についての現状説明】
ここ2走は姫路の深い馬場に苦戦して走り切れなかったように感じます。他場の軽い馬場であれば変わり身が期待できると思います。（園田競馬・新子雅司調教師）


※血統書等の書類は、後日、郵送となりますのでご承知おきください。落札者様におかれましては、郵送先をメール等でご連絡いただきますようお願いいたします。

※南関東4競馬場への転入が可能です。

※京北育成牧場（京都府京都市右京区京北上中町稲谷）に在厩しており、預託料は5,500円/日（税込）です。午後の退厩の場合、退厩日の預託料をご負担いただきますのでご承知おきください。
3月21日（土）より落札者様の預託料負担となります。


販売申込者：野田 善己（インボイス登録あり）
【入札時の注意事項】（必ずご確認ください）
※サラブレッドオークションでの落札馬は、原則として5日以内に在厩場所より引き渡しをさせていただきます。引き続き、飼養管理継続をご希望される場合は
オークション事務局までお問い合わせ下さい。",,2026-03-19,200000.0,800000.0,20万円 〜 80万円,実績馬(基本50万＋賞金加算) / 未勝利・低賞金馬の下振れリスク許容
ベラジオソノダヒメ ５歳,牝,5,ホッコータルマエ,487,0,"本馬について
父ホッコータルマエは2010年代を代表するダート王の一頭。3歳1月のデビューからコンスタントに使われて力をつけ、レパードSで重賞初制覇。秋にはJCダートで3着に入り今後への期待を高めると、4歳時のかしわ記念でG1初制覇。続く帝王賞も制してダート界の頂点に立ちました。その後はG1のみに出走。4歳秋はJBCクラシック、東京大賞典、5歳時にはチャンピオンズCを含むG13勝。6歳時にもG1を2勝し、ドバイワールドCでも5着に健闘しています、3年連続でJRA賞の最優秀ダートホースに選出され、7歳時にも川崎記念を制し、G1は全9勝を挙げました。産駒のデビューは2020年。兵庫ジュニアグランプリ2着のレディバグや兵庫チャンピオンシップを勝ったブリッツファング、JBC2歳優駿勝ちのゴライコウ、佐賀記念勝ちのメイショウフンジン、マーチSを勝ったブライアンセンスといったダートの活躍馬を輩出し、地方でも多数の重賞ウイナーが出ています。

母系を見ますと、母アルマシャウラは新潟芝1600mで新馬勝ち。きょうだいは姉3頭が地方競馬で勝ち上がっており、いとこには東海S、平安Sと重賞2勝を挙げたアスカノロマンがいます。母のきょうだいは6頭がJRAで勝ち上がり、伯父メイショウエイシはダートで4勝。3代母Deviltanteの半妹にはオープンを含む4勝を挙げ、フラワーC2着のレディボナンザがおり、近親にはシンザン記念を勝ち、日本ダービー3着のアントニオバローズ、ファルコンSを勝ったタガノアザガル、兵庫チャンピオンシップ2着のタイセイシュバリエなど日本の重賞活躍馬が名を連ねます、さらに溯れば、名種牡馬デインヒルやマキャヴェリアン、オーペンなども同門。世界的な名牝系と言えそうです。

本馬は2023年9月27日に園田1400mの初出走戦でデビュー。ハナを切って積極的に運びましたが、2番手の馬にかわされてしまい2着に終わりました。2戦目の園田820m戦でも3着となるなど、その後も安定した競馬を披露。勝ち切ることはできませんでしたが、2歳シーズンは5戦して2着3回3着1回で終了しました。
3歳シーズンの序盤は崩れましたが、3戦目には姫路1400mの未勝利戦で3着に食い込んでいます。ただ、その後の3歳C1戦で2戦続けて凡走してしまい、ひと息入れたのち門別に移籍。移籍後もなかなか成績が上がらず、短距離戦を3戦して全て着外でシーズンオフを迎えました。
4歳4月のシーズン初戦は1700m戦に出走し9着に終わりましたが、2戦目の1600m戦で3着と変わり身を見せると、そこから3戦連続で3着と軌道に乗ります。C4からC3に昇級後も、7月の1700m戦、9月の1600m戦で3着と勝ち切れないまでも上位をにぎわし、10月から兵庫に復帰しました。
ただ、兵庫ではC2格付けとなり、なかなか思うような結果が出せず、5戦して5着2回の成績で、5歳となった今年は佐賀で再スタート。佐賀でもC2格付けとなり、大崩れこそしていないものの、5戦して2度の5着が最高。もどかしい競馬が続いていることから、頭数整理のためオークション出品を決めました。
なかなか白星が挙げられていない現状ですが、馬格がしっかりした牝馬で先行力もあり、相手関係や条件ひとつでチャンスがあると思います。新たなオーナー様の下できっかけをつかんでほしいと願っています。

記載内容を十分に熟読、ご理解いただき、現状有姿、現状渡しのノークレーム、ノーリターンでお願いいたします。落札後の記載事項に関するキャンセル、落札から一週間以上経過後のキャンセルおよび価格交渉には一切応じられません。また、現状に不安がある方は現在厩場所で獣医検査を受けるなど、必ず事前に状態把握およびご納得をいただいたうえでのご入札を重ねてお願いいたします。

【本馬についての現状説明】
現級で勝ち負けまでは厳しい内容となっています。先行することが好走の条件で、もまれると良くないタイプ。カイ食いや脚元は問題ありませんし、他場で相手関係を変えて頑張ってほしいと思います。（佐賀競馬・池田忠好調教師）


※南関東4競馬場への転入はできません。

※佐賀競馬場・池田忠好厩舎に在厩しています。預託料につきましては、サラブレッドオークション事務局にお問い合わせください。
3月21日（土）より落札者様の預託料負担となります。


販売申込者：ベラジオコーポレーション(株)（インボイス登録あり）
【入札時の注意事項】（必ずご確認ください）
※サラブレッドオークションでの落札馬は、原則として5日以内に在厩場所より引き渡しをさせていただきます。引き続き、飼養管理継続をご希望される場合は
オークション事務局までお問い合わせ下さい。",,2026-03-19,180000.0,720000.0,18万円 〜 72万円,実績馬(基本50万＋賞金加算) / 未勝利・低賞金馬の下振れリスク許容 / 年齢減価(-10%)
タウンホール ５歳,牝,5,ハービンジャー,481,0,"本馬について
父ハービンジャーは英国で生産、調教され、3歳4月にデビュー。3戦目にG3のゴードンSを勝って重賞初制覇を挙げると、4歳を迎えて一気に本格化しました。重賞を3連勝して挑んだKジョージ六世＆QエリザベスSでは、直線で一気に突き抜けて、2着の愛ダービー馬ケープブランコに11馬身もの差をつける圧勝。レース史上最大着差で、勝ち時計もレースレコードという圧巻の走りを見せました。その後は骨折もあり、この一戦を最後に引退、日本で種牡馬入りしています。産駒のデビューは2014年。初年度産駒の重賞勝ちはベルーフ(京成杯)のみでしたが、徐々に産駒の成績は上がり、3世代目からはペルシアンナイト(マイルCS)、モズカッチャン(エリザベス女王杯)、ディアドラ(秋華賞、ナッソーS)と3頭のG1ホースが誕生。その後もブラストワンピース(有馬記念)、ノームコア(ヴィクトリアマイル、香港C)、ナミュール(マイルCS)、チェルヴィニア(オークス、秋華賞)、アルマヴェローチェ(阪神JF)といった一流馬を輩出しています。芝のマイルから中長距離を得意とする産駒が目立つ一方、ダートの重賞勝ち馬も出ています。

母系を見ますと、半兄インターサンクタムが東海や佐賀で計11勝。母メンデンホールはJRAで芝、ダートを問わずに3勝を挙げ、そのきょうだいにはフローラSを勝ったミッドサマーフェア、秋華賞3着のソフトフルート、ターコイズSを勝ちヴィクトリアマイル2着のフィアスプライドなどの一流馬がいます。いとこにも札幌2歳S2着のパワーホールなどの活躍馬がおり、母のいとこにも愛セントレジャーや英G1ゴールドCを勝って凱旋門賞3着のオーダーオブセントジョージなどの大物が多数。3代母ストームソングは米G1BCジュヴェナイルフィリーズやフリゼットSの勝ち馬。非常に優秀な牝系を構築しており、今後ますます発展が期待されます。

本馬は2023年12月23日に中山芝1800mの新馬戦でデビューし、最後方から長く脚を使って追い上げ0秒3差の6着。脚力を示し、3戦目には中山ダート1800m戦で0秒8差の4着とダートでも差のない走りを見せましたが、勝ち上がることはできずに6戦0勝でJRAの登録は抹消。8月24日のサタデーオークションで落札し、川崎に移籍しました。
転入のタイミングで3カ月ほど休ませ、11月に1400mの3歳3組戦で始動。好位追走から2着に食い込むと、次戦からはC2格付けとなり、同舞台で0秒1差の2着と早々にめどを立てました。
ただ、年明け1月の1500m戦で7着と崩れ、左後肢に疲れが出たこともあり休養。5月に復帰し、3戦目の1400m戦ではメンバー最速の上がりタイムをマークしてタイム差なしの2着に好走しています。
次戦からはいったんC3に降級しますが、2戦目に浦和2000m戦で3着に入り昇級。その後も差のない競馬を続け、9月の1500m戦で逃げた馬とのマッチレースを制して待望の初勝利を挙げています。
その後10月にもう1戦したのち馬体調整のため放牧に出し、今年3月5日に帰厩。馬体重40kg増で戻ってきて、調教を進めてきましたが、息遣いが良くなく、現状では4月の開催に間に合わないため、このタイミングで頭数整理のためにオークション出品を決断いたしました。
休養が少し長引いていますが、昨秋に初白星を挙げたように、馬は成長期に入っていますし、復帰後は十分な活躍が見込めると思います。新たなオーナー様の下で、血統の良さが発揮されることを願っております。

記載内容を十分に熟読、ご理解いただき、現状有姿、現状渡しのノークレーム、ノーリターンでお願いいたします。落札後の記載事項に関するキャンセル、落札から一週間以上経過後のキャンセルおよび価格交渉には一切応じられません。また、現状に不安がある方は現在厩場所で獣医検査を受けるなど、必ず事前に状態把握およびご納得をいただいたうえでのご入札を重ねてお願いいたします。

【本馬についての現状説明】
もともと左後肢に弱いところがある馬で、左にモタれて走るようなところがあります。（川崎競馬・秋山直之調教師）


※ゆう癖があります。

※2023年12月23日の競走において、発進不良（出遅れ）となっています。これに伴い、発走調教再審査を課せられています。

※南関東4競馬場への転入が可能です。

※株式会社ストローファーム（茨城県稲敷郡阿見町大字上長）に在厩しており、預託料は10,230円/日（税込）です。
3月21日（土）より落札者様の預託料負担となります。


販売申込者：内山 登志雄
【入札時の注意事項】（必ずご確認ください）
※サラブレッドオークションでの落札馬は、原則として5日以内に在厩場所より引き渡しをさせていただきます。引き続き、飼養管理継続をご希望される場合は
オークション事務局までお問い合わせ下さい。 ['ゆう癖', ' 骨折']",,2026-03-19,126000.0,504000.0,12万円 〜 50万円,"検出疾病: 骨折, ゆう癖 / 実績馬(基本50万＋賞金加算) / 未勝利・低賞金馬の下振れリスク許容 / 年齢減価(-10%)"
グランゲレーロ ５歳,牡,5,マジェスティックウォリアー,476,0,"本馬について
父マジェスティックウォリアーは、現役時２００７年の米Ｇ１ホープフルＳを制覇し、２００９年に米国で種牡馬入りしました。産駒には、米Ｇ１を４勝したプリンセスオブシルマーや、ベストウォーリア（マイルCS南部杯連覇）やラムジェット（東京ダービー、ユニコーンS）、プロミストウォリア（東海S、アンタレスS）など、数多くの活躍馬を排出しています。

母ボーントゥブーギーは英国で４勝。産駒には、中央で特別勝ちを含む４勝を挙げたヴァローアがいます。また、戸塚記念や大井記念、東京記念など地方重賞５勝を挙げているセイカメテオポリスは、本馬の叔父にあたります。

本馬は２０２３年１０月にデビューし、２戦目に初勝利を挙げました。その後は園田ジュニアカップ、ネクストスター西日本など重賞に挑戦し、ここまで３０戦６勝の成績です。昨年８月のＣ１クラス昇級後から、コンスタントに好成績を収めることが出来なくなったことから、今回のオークションへ上場する運びとなりました。ここまで馬体の故障らしい故障もなく、健康面も良好です。スタミナやパワーは本馬の長所でもあり、昨年の夏もコンスタントに出走を重ねることが出来ました。揉まれ弱い面もありますが、環境やコース次第で、活躍できる可能性を秘めていると思われます。
その他気になる疾病や悪癖もございませんが、上記を十分にご理解いただき、現状有姿、現状渡しのノークレーム、ノーリターンでお願いいたします。現状に不安がある方は現在厩場所で必ず獣医検査を受けるなど、事前に状態把握、およびご納得をいただいたうえでのご入札を重ねてお願い申し上げます。
また、田中範雄厩舎での預託継続はお断りいたします。

【本馬についての現状説明】
本馬はキックバックを気にするところがあり、スタートから直ぐコーナーになりやすい園田では能力をなかなか発揮出来ませんでした。馬力があってスタミナも豊富なので、夏の暑い時期も乗り越えられるタフマンだと思います。また、トモの筋肉量が豊富でバランスの良い馬体は父の良さが出ており、マイペースで運べたときは能力を発揮してくれるはずです。（園田競馬・田中範雄調教師）


※血統書等の書類は、後日、郵送となりますのでご承知おきください。落札者様におかれましては、郵送先をメール等でご連絡いただきますようお願いいたします。

※南関東4競馬場への転入が可能です。

※京北育成牧場（京都府京都市右京区京北上中町稲谷）に在厩しており、預託料は5,500円/日（税込）です。午後の退厩の場合、退厩日の預託料をご負担いただきますのでご承知おきください。
3月21日（土）より落札者様の預託料負担となります。


販売申込者：株式会社グリーンファーム愛馬会（インボイス登録あり）
【入札時の注意事項】（必ずご確認ください）
※サラブレッドオークションでの落札馬は、原則として5日以内に在厩場所より引き渡しをさせていただきます。引き続き、飼養管理継続をご希望される場合は
オークション事務局までお問い合わせ下さい。",,2026-03-19,180000.0,720000.0,18万円 〜 72万円,実績馬(基本50万＋賞金加算) / 未勝利・低賞金馬の下振れリスク許容 / 年齢減価(-10%)
オールフラッグ ７歳,牡,7,トゥザワールド,497,0,"本馬について
父トゥザワールドは新馬戦2着のあと4連勝で若駒Sと弥生賞を制覇。1番人気で迎えた皐月賞ではイスラボニータの2着に敗れ、続く日本ダービーは5着。秋の菊花賞は16着と大敗し、クラシックには手が届きませんでしたが、暮れの有馬記念ではジェンティルドンナの2着に好走。改めて能力の高さを示しました。4歳時には豪州へ遠征。その初戦のGⅠザ・BMWで2着となりましたが、続くクイーンエリザベスSで12着に敗れ、その後に屈腱炎が判明。引退、種牡馬入りしました。母がエリザベス女王杯勝ち馬トゥザヴィクトリー、半兄に重賞5勝のトゥザグローリーがいる魅力的な血統から馬産地の人気は高く、種付け頭数を増やしています。初年度産駒が3歳となった2020年からJRAでの勝ち上がりが目立ちはじめ、ゴールドチャリスがオープンで活躍。東京湾Cを制したマコトロクサノホコなど地方競馬の重賞勝ち馬も誕生しています。

母系を見ますと、母グルージンミジーはJRAのダート1000mで勝ち上がり。きょうだいは半兄フジノタカネがJRAのダートで3勝を挙げた他、3頭がJRAで白星を挙げています。母のきょうだいには米国のリステッドレース好走馬がおり、祖母ベイビーレッツクルーズは米国で1勝。その半兄には米G1ドンHやガルフストリームパークHを制し、種牡馬としても活躍したジェイドハンターがいます。近親にも米G1プライオレスS2着のライトグリーンなど、2000年代以降の米国の重賞活躍馬が多数。3代母ジャダナは米国のリステッドレース勝ち馬で、優秀な牝系を構築しています。

本馬は2021年9月26日に中山ダート1200mの新馬戦でデビュー。なかなか前が止まらない展開でしたが、好位からしっかり脚を使って4着に食い込みました。その後の2戦は崩れましたが、3歳3月の中山ダート1200m戦で2着と巻き返すと、5月の東京ダート1400m戦を差し切り、初勝利を挙げています。
1つ勝ったあとはひと息入れ、8月の新潟ダート1300m戦で復帰。いきなりタイム差なしの2着に入り1勝クラスのめどを立てると、次戦は東京ダート1300m戦を2馬身半差で完勝。2勝クラスに昇級し、年明け2月には同じ舞台に昇級初戦を差し切って、瞬く間に3勝クラスに上がりました。
ただ、さすがに準オープンの壁は厚く、昇級初戦となった東京ダート1400mの麦秋Sで6着となった後は着順を下げてしまい、5歳時は障害にもチャレンジしましたが好結果を出すことができず、同年8月を最後にJRAの登録は抹消。当オークションを経て船橋に移籍しました。
転入初戦となった1600mのB1下では最下位の14着に沈みましたが、距離を詰めた次戦の1200m戦では最後方から直線で目の覚めるような末脚を発揮。前をまとめて差し切り、転入後初勝利を挙げています。
その後も同舞台のB1下で連続2着となり、6歳2月にはオープンの駿麗賞で重賞勝ち馬のメンコイボクチャンから0秒1差の3着に好走。トップクラスにも通用する脚力を見せたものの、この一戦のあとは両前深管と繋靭帯に不安が出て休養に入りました。
9カ月近い休養となり、同年の11月に復帰。2戦したのち、今年1月には1200mのB1下で0秒8差、2月には同距離のB1で0秒1差と末脚健在をアピールしました。ただ、前走後に再び両前脚に不安が出て、再度の休養が必要となったため、このタイミングでのオークション再出品となります。
JRA3勝の実績はだてではなく、船橋でも強烈な末脚を武器に頑張ってくれました。治療が終われば、また自慢の決め手で活躍してくれると思いますし、現状をご理解の上、ご検討いただけますと幸いです。

現在、左前肢に熱感があります。

記載内容を十分に熟読、ご理解いただき、現状有姿、現状渡しのノークレーム、ノーリターンでお願いいたします。落札後の記載事項に関するキャンセル、落札から一週間以上経過後のキャンセルおよび価格交渉には一切応じられません。また、現状に不安がある方は現在厩場所で獣医検査を受けるなど、必ず事前に状態把握およびご納得をいただいたうえでのご入札を重ねてお願いいたします。

【本馬についての現状説明】
前走後は両前深管に触診痛があり、両前の繋靭帯部は、特に左前の繫靭帯は慢性的な腫れが残っています。ここまでショックウェーブ等で治療しながら使ってきましたが、しばらく休養が必要な状態です。脚元が治まれば、現級で十分にやれる馬です。（船橋競馬・佐藤裕太調教師）


※南関東4競馬場への転入が可能です。

※株式会社ストローファーム（茨城県稲敷郡阿見町大字上長）に在厩しており、預託料は10,230円/日（税込）です。
3月21日（土）より落札者様の預託料負担となります。


販売申込者：(株) マフィン（インボイス登録あり）
【入札時の注意事項】（必ずご確認ください）
※サラブレッドオークションでの落札馬は、原則として5日以内に在厩場所より引き渡しをさせていただきます。引き続き、飼養管理継続をご希望される場合は
オークション事務局までお問い合わせ下さい。 ['屈腱炎']",,2026-03-19,100000.0,252000.00000000003,10万円 〜 25万円,検出疾病: 屈腱炎 / 高齢(6歳〜)賞金加算微減 / 大型馬(+5%) / 未勝利・低賞金馬の下振れリスク許容 / 年齢減価(-30%)
